"id_distributor","id_cabang","tanggal","id_pelanggan","id_customer","jumlah_barang","unit","harga","mata_uang","brand_id","level","nama","id_cabang_sales","cabang_sales","id_grup","grup","kode_barang","sektor","nama_barang","tipe","nama_tipe","kode_lini","lini","kemasan"
"TD","CAB01","2022-01-20","IN5997_BRG0001","CUST55380",1,"DUS",1169.91,"IDR","BRND001","Company","APOTEK TAPAK","CAB01","Aceh","Z32","Apotek","BRG0001","P","ACYCLOVIR DUS","ZPJ1","Produk jadi",206,"OGB & PH","DUS"
"TD","CAB01","2022-01-20","IN6297_BRG0002","CUST55381",5,"DUS",2337.5,"IDR","BRND002","Company","APOTEK MAJA","CAB02","Kuningan","Z32","Apotek","BRG0002","P","ALERGINE TABLET SALUT","ZPJ1","Produk jadi",203,"ETIKAL","DUS"
"TA","CAB02","2022-01-21","IN6155_BRG0003","CUST55382",9,"DUS",10690.6,"IDR","BRND003","Company","KLINIK GM","CAB03","Jakarta","Z31","Klinik","BRG0003","P","AMPICILLIN","ZPJ1","Produk jadi",210,"MARCKS","BOTOL"
"EPM","CAB03","2022-01-22","IN6144_BRG0004","CUST55383",13,"DUS",8700.7,"IDR","BRND004","Company","APOTEK MERDEKA","CAB04","Bandung","Z32","Apotek","BRG0004","P","TRAMADOL KAPSUL 50 MG","ZPJ1","Produk jadi",201,"VNS","KAPSUL"
"TD","CAB04","2022-01-23","IN6280_BRG0005","CUST55384",1,"DUS",5648.3,"IDR","BRND005","Company","KLINIK SAHABAT","CAB05","Tangerang","Z31","Klinik","BRG0005","P","KLORPROMAZINA TABLET SALUT SELAPUT 100 MG","ZPJ1","Produk jadi",203,"SLCYL","TABLET"
"TA","CAB05","2022-01-23","IN6052_BRG0006","CUST55385",5,"DUS",2819.2,"IDR","BRND006","Company","APOTEK SINAR JAYA","CAB06","Bekasi","Z32","Apotek","BRG0006","P","KETOCONAZOLE TABLET 200 MG","ZPJ1","Produk jadi",205,"OGB & PH","TABLET"
"EPM","CAB06","2022-01-25","IN6089_BRG0007","CUST55386",9,"DUS",4592.1,"IDR","BRND007","Company","APOTEK SAHABAT","CAB07","Padang","Z32","Apotek","BRG0007","P","ERGOTAMINE COFFEINE","ZPJ1","Produk jadi",206,"ETIKAL","BOTOL"
"TD","CAB07","2022-01-23","IN6251_BRG0008","CUST55387",1,"DUS",3991.9,"IDR","BRND008","Company","APOTEK TAPAK","CAB01","Aceh","Z32","Apotek","BRG0008","P","TETRACYCLINE KAPSUL 250 MG","ZPJ1","Produk jadi",204,"MARCKS","KAPSUL"
"TA","CAB08","2022-01-27","IN6036_BRG0009","CUST55388",23,"DUS",5780.7,"IDR","BRND009","Company","APOTEK MAJA","CAB02","Kuningan","Z32","Apotek","BRG0009","P","AMBROXOL HC","ZPJ1","Produk jadi",207,"VNS","BOTOL"
"EPM","CAB09","2022-01-28","IN6029_BRG0010","CUST55389",4,"DUS",6940.3,"IDR","BRND010","Company","KLINIK GM","CAB03","Jakarta","Z31","Klinik","BRG0010","P","PARACETAMOL","ZPJ1","Produk jadi",208,"SLCYL","BOTOL"
"TD","CAB10","2022-01-23","IN6190_BRG0001","CUST55390",2,"DUS",1169.91,"IDR","BRND001","Company","APOTEK MERDEKA","CAB04","Bandung","Z32","Apotek","BRG0001","P","ACYCLOVIR DUS","ZPJ1","Produk jadi",206,"OGB & PH","DUS"
"TD","CAB01","2022-01-30","IN6287_BRG0002","CUST55391",17,"DUS",2337.5,"IDR","BRND002","Company","KLINIK SAHABAT","CAB05","Tangerang","Z31","Klinik","BRG0002","P","ALERGINE TABLET SALUT","ZPJ1","Produk jadi",203,"ETIKAL","DUS"
"TA","CAB01","2022-01-31","IN6102_BRG0003","CUST55392",11,"DUS",10690.6,"IDR","BRND003","Company","APOTEK SINAR JAYA","CAB06","Bekasi","Z32","Apotek","BRG0003","P","AMPICILLIN","ZPJ1","Produk jadi",210,"MARCKS","BOTOL"
"EPM","CAB02","2022-02-01","IN6301_BRG0004","CUST55393",12,"DUS",8700.7,"IDR","BRND004","Company","APOTEK SAHABAT","CAB07","Padang","Z32","Apotek","BRG0004","P","TRAMADOL KAPSUL 50 MG","ZPJ1","Produk jadi",201,"VNS","KAPSUL"
"TD","CAB03","2022-01-27","IN6024_BRG0005","CUST55394",12,"DUS",5648.3,"IDR","BRND005","Company","KLINIK DR. ANDRI","CAB08","Lampung","Z31","Klinik","BRG0005","P","KLORPROMAZINA TABLET SALUT SELAPUT 100 MG","ZPJ1","Produk jadi",203,"SLCYL","TABLET"
"TA","CAB04","2022-01-28","IN6184_BRG0006","CUST55395",25,"DUS",2819.2,"IDR","BRND006","Company","APOTEK TAPAK","CAB01","Aceh","Z32","Apotek","BRG0006","P","KETOCONAZOLE TABLET 200 MG","ZPJ1","Produk jadi",205,"OGB & PH","TABLET"
"EPM","CAB05","2022-01-23","IN6307_BRG0007","CUST55396",14,"DUS",4592.1,"IDR","BRND007","Company","APOTEK MAJA","CAB02","Kuningan","Z32","Apotek","BRG0007","P","ERGOTAMINE COFFEINE","ZPJ1","Produk jadi",206,"ETIKAL","BOTOL"
"TD","CAB06","2022-01-30","IN6245_BRG0008","CUST55397",34,"DUS",3991.9,"IDR","BRND008","Company","KLINIK GM","CAB03","Jakarta","Z31","Klinik","BRG0008","P","TETRACYCLINE KAPSUL 250 MG","ZPJ1","Produk jadi",204,"MARCKS","KAPSUL"
"TA","CAB07","2022-01-31","IN6195_BRG0009","CUST55398",67,"DUS",5780.7,"IDR","BRND009","Company","APOTEK MERDEKA","CAB04","Bandung","Z32","Apotek","BRG0009","P","AMBROXOL HC","ZPJ1","Produk jadi",207,"VNS","BOTOL"
"EPM","CAB08","2022-02-01","IN6023_BRG0010","CUST55399",15,"DUS",6940.3,"IDR","BRND010","Company","KLINIK SAHABAT","CAB05","Tangerang","Z31","Klinik","BRG0010","P","PARACETAMOL","ZPJ1","Produk jadi",208,"SLCYL","BOTOL"
"TD","CAB09","2022-01-27","IN6113_BRG0001","CUST55400",12,"DUS",1169.91,"IDR","BRND001","Company","APOTEK SINAR JAYA","CAB06","Bekasi","Z32","Apotek","BRG0001","P","ACYCLOVIR DUS","ZPJ1","Produk jadi",206,"OGB & PH","DUS"
"TD","CAB10","2022-01-28","IN6141_BRG0002","CUST55401",25,"DUS",2337.5,"IDR","BRND002","Company","APOTEK SAHABAT","CAB07","Padang","Z32","Apotek","BRG0002","P","ALERGINE TABLET SALUT","ZPJ1","Produk jadi",203,"ETIKAL","DUS"
"TA","CAB01","2022-01-23","IN6125_BRG0003","CUST55402",14,"DUS",10690.6,"IDR","BRND003","Company","APOTEK TAPAK","CAB01","Aceh","Z32","Apotek","BRG0003","P","AMPICILLIN","ZPJ1","Produk jadi",210,"MARCKS","BOTOL"
"EPM","CAB01","2022-01-30","IN6176_BRG0004","CUST55403",18,"DUS",8700.7,"IDR","BRND004","Company","APOTEK MAJA","CAB02","Kuningan","Z32","Apotek","BRG0004","P","TRAMADOL KAPSUL 50 MG","ZPJ1","Produk jadi",201,"VNS","KAPSUL"
"TD","CAB02","2022-01-31","IN6175_BRG0005","CUST55404",18,"DUS",5648.3,"IDR","BRND005","Company","KLINIK GM","CAB03","Jakarta","Z31","Klinik","BRG0005","P","KLORPROMAZINA TABLET SALUT SELAPUT 100 MG","ZPJ1","Produk jadi",203,"SLCYL","TABLET"
"TA","CAB03","2022-02-01","IN6259_BRG0006","CUST55405",19,"DUS",2819.2,"IDR","BRND006","Company","APOTEK MERDEKA","CAB04","Bandung","Z32","Apotek","BRG0006","P","KETOCONAZOLE TABLET 200 MG","ZPJ1","Produk jadi",205,"OGB & PH","TABLET"
"EPM","CAB01","2022-01-27","IN6173_BRG0001","CUST55406",12,"DUS",4592.1,"IDR","BRND007","Company","KLINIK SAHABAT","CAB05","Tangerang","Z31","Klinik","BRG0001","P","ACYCLOVIR DUS","ZPJ1","Produk jadi",206,"OGB & PH","DUS"
"TD","CAB01","2022-01-28","IN6013_BRG0002","CUST55407",25,"DUS",3991.9,"IDR","BRND008","Company","APOTEK SINAR JAYA","CAB06","Bekasi","Z32","Apotek","BRG0002","P","ALERGINE TABLET SALUT","ZPJ1","Produk jadi",203,"ETIKAL","DUS"
"TD","CAB02","2022-01-23","IN6086_BRG0003","CUST55408",14,"DUS",5780.7,"IDR","BRND009","Company","APOTEK SAHABAT","CAB07","Padang","Z32","Apotek","BRG0003","P","AMPICILLIN","ZPJ1","Produk jadi",210,"MARCKS","BOTOL"
"TA","CAB03","2022-01-30","IN6108_BRG0004","CUST55409",21,"DUS",6940.3,"IDR","BRND010","Company","KLINIK DR. ANDRI","CAB08","Lampung","Z31","Klinik","BRG0004","P","TRAMADOL KAPSUL 50 MG","ZPJ1","Produk jadi",201,"VNS","KAPSUL"
"EPM","CAB04","2022-01-31","IN6321_BRG0001","CUST55410",22,"DUS",1169.91,"IDR","BRND001","Company","APOTEK TAPAK","CAB01","Aceh","Z32","Apotek","BRG0001","P","ACYCLOVIR DUS","ZPJ1","Produk jadi",206,"OGB & PH","DUS"
"TD","CAB05","2022-02-01","IN5994_BRG0002","CUST55411",12,"DUS",2337.5,"IDR","BRND002","Company","APOTEK MAJA","CAB02","Kuningan","Z32","Apotek","BRG0002","P","ALERGINE TABLET SALUT","ZPJ1","Produk jadi",203,"ETIKAL","DUS"
"TA","CAB06","2022-01-27","IN6146_BRG0003","CUST55412",25,"DUS",10690.6,"IDR","BRND003","Company","KLINIK GM","CAB03","Jakarta","Z31","Klinik","BRG0003","P","AMPICILLIN","ZPJ1","Produk jadi",210,"MARCKS","BOTOL"
"EPM","CAB07","2022-01-28","IN6230_BRG0004","CUST55413",14,"DUS",8700.7,"IDR","BRND004","Company","APOTEK MERDEKA","CAB04","Bandung","Z32","Apotek","BRG0004","P","TRAMADOL KAPSUL 50 MG","ZPJ1","Produk jadi",201,"VNS","KAPSUL"
"TD","CAB08","2022-01-23","IN5991_BRG0005","CUST55414",24,"DUS",5648.3,"IDR","BRND005","Company","KLINIK SAHABAT","CAB05","Tangerang","Z31","Klinik","BRG0005","P","KLORPROMAZINA TABLET SALUT SELAPUT 100 MG","ZPJ1","Produk jadi",203,"SLCYL","TABLET"
"TA","CAB09","2022-01-30","IN6281_BRG0006","CUST55415",10,"DUS",2819.2,"IDR","BRND006","Company","APOTEK SINAR JAYA","CAB06","Bekasi","Z32","Apotek","BRG0006","P","KETOCONAZOLE TABLET 200 MG","ZPJ1","Produk jadi",205,"OGB & PH","TABLET"
"EPM","CAB10","2022-01-31","IN6226_BRG0007","CUST55416",23,"DUS",4592.1,"IDR","BRND007","Company","APOTEK SAHABAT","CAB07","Padang","Z32","Apotek","BRG0007","P","ERGOTAMINE COFFEINE","ZPJ1","Produk jadi",206,"ETIKAL","BOTOL"
"TD","CAB01","2022-02-01","IN6063_BRG0008","CUST55417",12,"DUS",3991.9,"IDR","BRND008","Company","APOTEK TAPAK","CAB01","Aceh","Z32","Apotek","BRG0008","P","TETRACYCLINE KAPSUL 250 MG","ZPJ1","Produk jadi",204,"MARCKS","KAPSUL"
"TD","CAB01","2022-01-27","IN6131_BRG0009","CUST55418",10,"DUS",5780.7,"IDR","BRND009","Company","APOTEK MAJA","CAB02","Kuningan","Z32","Apotek","BRG0009","P","AMBROXOL HC","ZPJ1","Produk jadi",207,"VNS","BOTOL"
"TA","CAB02","2022-01-28","IN6262_BRG0010","CUST55419",67,"DUS",6940.3,"IDR","BRND010","Company","KLINIK GM","CAB03","Jakarta","Z31","Klinik","BRG0010","P","PARACETAMOL","ZPJ1","Produk jadi",208,"SLCYL","BOTOL"
"EPM","CAB03","2022-01-23","IN6028_BRG0001","CUST55420",98,"DUS",1169.91,"IDR","BRND001","Company","APOTEK MERDEKA","CAB04","Bandung","Z32","Apotek","BRG0001","P","ACYCLOVIR DUS","ZPJ1","Produk jadi",206,"OGB & PH","DUS"
"TD","CAB01","2022-01-30","IN6163_BRG0002","CUST55421",5,"DUS",2337.5,"IDR","BRND002","Company","KLINIK SAHABAT","CAB05","Tangerang","Z31","Klinik","BRG0002","P","ALERGINE TABLET SALUT","ZPJ1","Produk jadi",203,"ETIKAL","DUS"
"TA","CAB01","2022-01-31","IN6191_BRG0003","CUST55422",4,"DUS",10690.6,"IDR","BRND003","Company","APOTEK SINAR JAYA","CAB06","Bekasi","Z32","Apotek","BRG0003","P","AMPICILLIN","ZPJ1","Produk jadi",210,"MARCKS","BOTOL"
"EPM","CAB02","2022-02-01","IN6274_BRG0004","CUST55423",8,"DUS",8700.7,"IDR","BRND004","Company","APOTEK SAHABAT","CAB07","Padang","Z32","Apotek","BRG0004","P","TRAMADOL KAPSUL 50 MG","ZPJ1","Produk jadi",201,"VNS","KAPSUL"
"TD","CAB03","2022-01-27","IN6003_BRG0005","CUST55424",9,"DUS",5648.3,"IDR","BRND005","Company","KLINIK DR. ANDRI","CAB08","Lampung","Z31","Klinik","BRG0005","P","KLORPROMAZINA TABLET SALUT SELAPUT 100 MG","ZPJ1","Produk jadi",203,"SLCYL","TABLET"
"TA","CAB04","2022-01-28","IN6247_BRG0006","CUST55425",10,"DUS",2819.2,"IDR","BRND006","Company","APOTEK TAPAK","CAB01","Aceh","Z32","Apotek","BRG0006","P","KETOCONAZOLE TABLET 200 MG","ZPJ1","Produk jadi",205,"OGB & PH","TABLET"
"EPM","CAB05","2022-01-23","IN6311_BRG0007","CUST55426",7,"DUS",4592.1,"IDR","BRND007","Company","APOTEK MAJA","CAB02","Kuningan","Z32","Apotek","BRG0007","P","ERGOTAMINE COFFEINE","ZPJ1","Produk jadi",206,"ETIKAL","BOTOL"
"TD","CAB06","2022-01-30","IN6248_BRG0008","CUST55427",100,"DUS",3991.9,"IDR","BRND008","Company","KLINIK GM","CAB03","Jakarta","Z31","Klinik","BRG0008","P","TETRACYCLINE KAPSUL 250 MG","ZPJ1","Produk jadi",204,"MARCKS","KAPSUL"
"TD","CAB07","2022-01-31","IN6042_BRG0009","CUST55428",67,"DUS",5780.7,"IDR","BRND009","Company","APOTEK MERDEKA","CAB04","Bandung","Z32","Apotek","BRG0009","P","AMBROXOL HC","ZPJ1","Produk jadi",207,"VNS","BOTOL"
"TA","CAB08","2022-02-01","IN6133_BRG0010","CUST55429",78,"DUS",6940.3,"IDR","BRND010","Company","KLINIK SAHABAT","CAB05","Tangerang","Z31","Klinik","BRG0010","P","PARACETAMOL","ZPJ1","Produk jadi",208,"SLCYL","BOTOL"
"EPM","CAB09","2022-01-27","IN6306_BRG0001","CUST55430",45,"DUS",1169.91,"IDR","BRND001","Company","APOTEK SINAR JAYA","CAB06","Bekasi","Z32","Apotek","BRG0001","P","ACYCLOVIR DUS","ZPJ1","Produk jadi",206,"OGB & PH","DUS"
"TD","CAB10","2022-01-28","IN6253_BRG0002","CUST55431",34,"DUS",2337.5,"IDR","BRND002","Company","APOTEK SAHABAT","CAB07","Padang","Z32","Apotek","BRG0002","P","ALERGINE TABLET SALUT","ZPJ1","Produk jadi",203,"ETIKAL","DUS"
"TA","CAB01","2022-01-23","IN5980_BRG0003","CUST55432",20,"DUS",10690.6,"IDR","BRND003","Company","APOTEK TAPAK","CAB01","Aceh","Z32","Apotek","BRG0003","P","AMPICILLIN","ZPJ1","Produk jadi",210,"MARCKS","BOTOL"
"EPM","CAB01","2022-01-30","IN6104_BRG0004","CUST55433",45,"DUS",8700.7,"IDR","BRND004","Company","APOTEK MAJA","CAB02","Kuningan","Z32","Apotek","BRG0004","P","TRAMADOL KAPSUL 50 MG","ZPJ1","Produk jadi",201,"VNS","KAPSUL"
"TD","CAB02","2022-01-31","IN6050_BRG0005","CUST55434",34,"DUS",5648.3,"IDR","BRND005","Company","KLINIK GM","CAB03","Jakarta","Z31","Klinik","BRG0005","P","KLORPROMAZINA TABLET SALUT SELAPUT 100 MG","ZPJ1","Produk jadi",203,"SLCYL","TABLET"
"TD","CAB03","2022-02-01","IN6054_BRG0006","CUST55435",34,"DUS",2819.2,"IDR","BRND006","Company","APOTEK MERDEKA","CAB04","Bandung","Z32","Apotek","BRG0006","P","KETOCONAZOLE TABLET 200 MG","ZPJ1","Produk jadi",205,"OGB & PH","TABLET"
"TA","CAB01","2022-01-27","IN6219_BRG0001","CUST55436",34,"DUS",4592.1,"IDR","BRND007","Company","KLINIK SAHABAT","CAB05","Tangerang","Z31","Klinik","BRG0001","P","ACYCLOVIR DUS","ZPJ1","Produk jadi",206,"OGB & PH","DUS"
"EPM","CAB01","2022-01-28","IN6053_BRG0002","CUST55437",44,"DUS",3991.9,"IDR","BRND008","Company","APOTEK SINAR JAYA","CAB06","Bekasi","Z32","Apotek","BRG0002","P","ALERGINE TABLET SALUT","ZPJ1","Produk jadi",203,"ETIKAL","DUS"
"TD","CAB02","2022-01-23","IN6217_BRG0003","CUST55438",5,"DUS",5780.7,"IDR","BRND009","Company","APOTEK SAHABAT","CAB07","Padang","Z32","Apotek","BRG0003","P","AMPICILLIN","ZPJ1","Produk jadi",210,"MARCKS","BOTOL"
"TA","CAB03","2022-01-30","IN6323_BRG0004","CUST55439",6,"DUS",6940.3,"IDR","BRND010","Company","KLINIK DR. ANDRI","CAB08","Lampung","Z31","Klinik","BRG0004","P","TRAMADOL KAPSUL 50 MG","ZPJ1","Produk jadi",201,"VNS","KAPSUL"
"EPM","CAB04","2022-01-31","IN6241_BRG0001","CUST55440",79,"DUS",1169.91,"IDR","BRND001","Company","APOTEK TAPAK","CAB01","Aceh","Z32","Apotek","BRG0001","P","ACYCLOVIR DUS","ZPJ1","Produk jadi",206,"OGB & PH","DUS"
"TD","CAB05","2022-02-01","IN6134_BRG0002","CUST55441",12,"DUS",2337.5,"IDR","BRND002","Company","APOTEK MAJA","CAB02","Kuningan","Z32","Apotek","BRG0002","P","ALERGINE TABLET SALUT","ZPJ1","Produk jadi",203,"ETIKAL","DUS"
"TA","CAB06","2022-01-27","IN6124_BRG0003","CUST55442",95,"DUS",10690.6,"IDR","BRND003","Company","KLINIK GM","CAB03","Jakarta","Z31","Klinik","BRG0003","P","AMPICILLIN","ZPJ1","Produk jadi",210,"MARCKS","BOTOL"
"EPM","CAB07","2022-01-28","IN5981_BRG0004","CUST55443",76,"DUS",8700.7,"IDR","BRND004","Company","APOTEK MERDEKA","CAB04","Bandung","Z32","Apotek","BRG0004","P","TRAMADOL KAPSUL 50 MG","ZPJ1","Produk jadi",201,"VNS","KAPSUL"
"TD","CAB08","2022-01-23","IN6220_BRG0005","CUST55444",48,"DUS",5648.3,"IDR","BRND005","Company","KLINIK SAHABAT","CAB05","Tangerang","Z31","Klinik","BRG0005","P","KLORPROMAZINA TABLET SALUT SELAPUT 100 MG","ZPJ1","Produk jadi",203,"SLCYL","TABLET"
"TD","CAB09","2022-01-30","IN6122_BRG0006","CUST55445",21,"DUS",2819.2,"IDR","BRND006","Company","APOTEK SINAR JAYA","CAB06","Bekasi","Z32","Apotek","BRG0006","P","KETOCONAZOLE TABLET 200 MG","ZPJ1","Produk jadi",205,"OGB & PH","TABLET"
"TA","CAB10","2022-01-31","IN6255_BRG0007","CUST55446",22,"DUS",4592.1,"IDR","BRND007","Company","APOTEK SAHABAT","CAB07","Padang","Z32","Apotek","BRG0007","P","ERGOTAMINE COFFEINE","ZPJ1","Produk jadi",206,"ETIKAL","BOTOL"
"EPM","CAB01","2022-02-01","IN6005_BRG0008","CUST55447",12,"DUS",3991.9,"IDR","BRND008","Company","APOTEK TAPAK","CAB01","Aceh","Z32","Apotek","BRG0008","P","TETRACYCLINE KAPSUL 250 MG","ZPJ1","Produk jadi",204,"MARCKS","KAPSUL"
"TD","CAB01","2022-01-27","IN6327_BRG0009","CUST55448",25,"DUS",5780.7,"IDR","BRND009","Company","APOTEK MAJA","CAB02","Kuningan","Z32","Apotek","BRG0009","P","AMBROXOL HC","ZPJ1","Produk jadi",207,"VNS","BOTOL"
"TA","CAB02","2022-01-28","IN6119_BRG0010","CUST55449",14,"DUS",6940.3,"IDR","BRND010","Company","KLINIK GM","CAB03","Jakarta","Z31","Klinik","BRG0010","P","PARACETAMOL","ZPJ1","Produk jadi",208,"SLCYL","BOTOL"
"EPM","CAB03","2022-01-23","IN6233_BRG0001","CUST55450",24,"DUS",1169.91,"IDR","BRND001","Company","APOTEK MERDEKA","CAB04","Bandung","Z32","Apotek","BRG0001","P","ACYCLOVIR DUS","ZPJ1","Produk jadi",206,"OGB & PH","DUS"
"TD","CAB01","2022-01-30","IN6235_BRG0002","CUST55451",10,"DUS",2337.5,"IDR","BRND002","Company","KLINIK SAHABAT","CAB05","Tangerang","Z31","Klinik","BRG0002","P","ALERGINE TABLET SALUT","ZPJ1","Produk jadi",203,"ETIKAL","DUS"
"TA","CAB01","2022-01-31","IN6263_BRG0003","CUST55452",130,"DUS",10690.6,"IDR","BRND003","Company","APOTEK SINAR JAYA","CAB06","Bekasi","Z32","Apotek","BRG0003","P","AMPICILLIN","ZPJ1","Produk jadi",210,"MARCKS","BOTOL"
"EPM","CAB02","2022-02-01","IN6269_BRG0004","CUST55453",12,"DUS",8700.7,"IDR","BRND004","Company","APOTEK SAHABAT","CAB07","Padang","Z32","Apotek","BRG0004","P","TRAMADOL KAPSUL 50 MG","ZPJ1","Produk jadi",201,"VNS","KAPSUL"
"TD","CAB03","2022-01-27","IN6188_BRG0005","CUST55454",10,"DUS",5648.3,"IDR","BRND005","Company","KLINIK DR. ANDRI","CAB08","Lampung","Z31","Klinik","BRG0005","P","KLORPROMAZINA TABLET SALUT SELAPUT 100 MG","ZPJ1","Produk jadi",203,"SLCYL","TABLET"
"TD","CAB04","2022-01-28","IN6116_BRG0006","CUST55455",67,"DUS",2819.2,"IDR","BRND006","Company","APOTEK TAPAK","CAB01","Aceh","Z32","Apotek","BRG0006","P","KETOCONAZOLE TABLET 200 MG","ZPJ1","Produk jadi",205,"OGB & PH","TABLET"
"TA","CAB05","2022-01-23","IN6216_BRG0007","CUST55456",98,"DUS",4592.1,"IDR","BRND007","Company","APOTEK MAJA","CAB02","Kuningan","Z32","Apotek","BRG0007","P","ERGOTAMINE COFFEINE","ZPJ1","Produk jadi",206,"ETIKAL","BOTOL"
"EPM","CAB06","2022-01-30","IN6099_BRG0008","CUST55457",5,"DUS",3991.9,"IDR","BRND008","Company","KLINIK GM","CAB03","Jakarta","Z31","Klinik","BRG0008","P","TETRACYCLINE KAPSUL 250 MG","ZPJ1","Produk jadi",204,"MARCKS","KAPSUL"
"TD","CAB07","2022-01-31","IN6326_BRG0009","CUST55458",4,"DUS",5780.7,"IDR","BRND009","Company","APOTEK MERDEKA","CAB04","Bandung","Z32","Apotek","BRG0009","P","AMBROXOL HC","ZPJ1","Produk jadi",207,"VNS","BOTOL"
"TA","CAB08","2022-02-01","IN6267_BRG0010","CUST55459",8,"DUS",6940.3,"IDR","BRND010","Company","KLINIK SAHABAT","CAB05","Tangerang","Z31","Klinik","BRG0010","P","PARACETAMOL","ZPJ1","Produk jadi",208,"SLCYL","BOTOL"
"EPM","CAB09","2022-01-27","IN6238_BRG0001","CUST55460",9,"DUS",1169.91,"IDR","BRND001","Company","APOTEK SINAR JAYA","CAB06","Bekasi","Z32","Apotek","BRG0001","P","ACYCLOVIR DUS","ZPJ1","Produk jadi",206,"OGB & PH","DUS"
"TD","CAB10","2022-01-28","IN6214_BRG0002","CUST55461",21,"DUS",2337.5,"IDR","BRND002","Company","APOTEK SAHABAT","CAB07","Padang","Z32","Apotek","BRG0002","P","ALERGINE TABLET SALUT","ZPJ1","Produk jadi",203,"ETIKAL","DUS"
"TD","CAB01","2022-01-23","IN6318_BRG0003","CUST55462",22,"DUS",10690.6,"IDR","BRND003","Company","APOTEK TAPAK","CAB01","Aceh","Z32","Apotek","BRG0003","P","AMPICILLIN","ZPJ1","Produk jadi",210,"MARCKS","BOTOL"
"TA","CAB01","2022-01-30","IN6256_BRG0004","CUST55463",12,"DUS",8700.7,"IDR","BRND004","Company","APOTEK MAJA","CAB02","Kuningan","Z32","Apotek","BRG0004","P","TRAMADOL KAPSUL 50 MG","ZPJ1","Produk jadi",201,"VNS","KAPSUL"
"EPM","CAB02","2022-01-31","IN6048_BRG0005","CUST55464",25,"DUS",5648.3,"IDR","BRND005","Company","KLINIK GM","CAB03","Jakarta","Z31","Klinik","BRG0005","P","KLORPROMAZINA TABLET SALUT SELAPUT 100 MG","ZPJ1","Produk jadi",203,"SLCYL","TABLET"
"TD","CAB03","2022-02-01","IN6120_BRG0006","CUST55465",14,"DUS",2819.2,"IDR","BRND006","Company","APOTEK MERDEKA","CAB04","Bandung","Z32","Apotek","BRG0006","P","KETOCONAZOLE TABLET 200 MG","ZPJ1","Produk jadi",205,"OGB & PH","TABLET"
"TA","CAB01","2022-01-27","IN6161_BRG0001","CUST55466",24,"DUS",4592.1,"IDR","BRND007","Company","KLINIK SAHABAT","CAB05","Tangerang","Z31","Klinik","BRG0001","P","ACYCLOVIR DUS","ZPJ1","Produk jadi",206,"OGB & PH","DUS"
"EPM","CAB01","2022-01-28","IN6292_BRG0002","CUST55467",10,"DUS",3991.9,"IDR","BRND008","Company","APOTEK SINAR JAYA","CAB06","Bekasi","Z32","Apotek","BRG0002","P","ALERGINE TABLET SALUT","ZPJ1","Produk jadi",203,"ETIKAL","DUS"
"TD","CAB02","2022-01-23","IN6286_BRG0003","CUST55468",120,"DUS",5780.7,"IDR","BRND009","Company","APOTEK SAHABAT","CAB07","Padang","Z32","Apotek","BRG0003","P","AMPICILLIN","ZPJ1","Produk jadi",210,"MARCKS","BOTOL"
"TA","CAB03","2022-01-30","IN6008_BRG0004","CUST55469",12,"DUS",6940.3,"IDR","BRND010","Company","KLINIK DR. ANDRI","CAB08","Lampung","Z31","Klinik","BRG0004","P","TRAMADOL KAPSUL 50 MG","ZPJ1","Produk jadi",201,"VNS","KAPSUL"
"EPM","CAB04","2022-01-31","IN6040_BRG0001","CUST55470",10,"DUS",1169.91,"IDR","BRND001","Company","APOTEK TAPAK","CAB01","Aceh","Z32","Apotek","BRG0001","P","ACYCLOVIR DUS","ZPJ1","Produk jadi",206,"OGB & PH","DUS"
"TD","CAB05","2022-02-01","IN6084_BRG0002","CUST55471",67,"DUS",2337.5,"IDR","BRND002","Company","APOTEK MAJA","CAB02","Kuningan","Z32","Apotek","BRG0002","P","ALERGINE TABLET SALUT","ZPJ1","Produk jadi",203,"ETIKAL","DUS"
"TD","CAB06","2022-01-27","IN6074_BRG0003","CUST55472",98,"DUS",10690.6,"IDR","BRND003","Company","KLINIK GM","CAB03","Jakarta","Z31","Klinik","BRG0003","P","AMPICILLIN","ZPJ1","Produk jadi",210,"MARCKS","BOTOL"
"TA","CAB07","2022-01-28","IN6200_BRG0004","CUST55473",5,"DUS",8700.7,"IDR","BRND004","Company","APOTEK MERDEKA","CAB04","Bandung","Z32","Apotek","BRG0004","P","TRAMADOL KAPSUL 50 MG","ZPJ1","Produk jadi",201,"VNS","KAPSUL"
"EPM","CAB08","2022-01-23","IN6065_BRG0005","CUST55474",4,"DUS",5648.3,"IDR","BRND005","Company","KLINIK SAHABAT","CAB05","Tangerang","Z31","Klinik","BRG0005","P","KLORPROMAZINA TABLET SALUT SELAPUT 100 MG","ZPJ1","Produk jadi",203,"SLCYL","TABLET"
"TD","CAB09","2022-01-30","IN6208_BRG0006","CUST55475",8,"DUS",2819.2,"IDR","BRND006","Company","APOTEK SINAR JAYA","CAB06","Bekasi","Z32","Apotek","BRG0006","P","KETOCONAZOLE TABLET 200 MG","ZPJ1","Produk jadi",205,"OGB & PH","TABLET"
"TA","CAB10","2022-01-31","IN6148_BRG0007","CUST55476",9,"DUS",4592.1,"IDR","BRND007","Company","APOTEK SAHABAT","CAB07","Padang","Z32","Apotek","BRG0007","P","ERGOTAMINE COFFEINE","ZPJ1","Produk jadi",206,"ETIKAL","BOTOL"
"EPM","CAB01","2022-02-01","IN6072_BRG0008","CUST55477",1,"DUS",3991.9,"IDR","BRND008","Company","APOTEK TAPAK","CAB01","Aceh","Z32","Apotek","BRG0008","P","TETRACYCLINE KAPSUL 250 MG","ZPJ1","Produk jadi",204,"MARCKS","KAPSUL"
"TD","CAB01","2022-01-27","IN6095_BRG0009","CUST55478",5,"DUS",5780.7,"IDR","BRND009","Company","APOTEK MAJA","CAB02","Kuningan","Z32","Apotek","BRG0009","P","AMBROXOL HC","ZPJ1","Produk jadi",207,"VNS","BOTOL"
"TA","CAB02","2022-01-28","IN6049_BRG0010","CUST55479",9,"DUS",6940.3,"IDR","BRND010","Company","KLINIK GM","CAB03","Jakarta","Z31","Klinik","BRG0010","P","PARACETAMOL","ZPJ1","Produk jadi",208,"SLCYL","BOTOL"
"EPM","CAB03","2022-01-23","IN6039_BRG0001","CUST55480",13,"DUS",1169.91,"IDR","BRND001","Company","APOTEK MERDEKA","CAB04","Bandung","Z32","Apotek","BRG0001","P","ACYCLOVIR DUS","ZPJ1","Produk jadi",206,"OGB & PH","DUS"
"TD","CAB01","2022-01-30","IN6276_BRG0002","CUST55481",1,"DUS",2337.5,"IDR","BRND002","Company","KLINIK SAHABAT","CAB05","Tangerang","Z31","Klinik","BRG0002","P","ALERGINE TABLET SALUT","ZPJ1","Produk jadi",203,"ETIKAL","DUS"
"TD","CAB01","2022-01-31","IN6015_BRG0003","CUST55482",5,"DUS",10690.6,"IDR","BRND003","Company","APOTEK SINAR JAYA","CAB06","Bekasi","Z32","Apotek","BRG0003","P","AMPICILLIN","ZPJ1","Produk jadi",210,"MARCKS","BOTOL"
"TA","CAB02","2022-02-01","IN6185_BRG0004","CUST55483",9,"DUS",8700.7,"IDR","BRND004","Company","APOTEK SAHABAT","CAB07","Padang","Z32","Apotek","BRG0004","P","TRAMADOL KAPSUL 50 MG","ZPJ1","Produk jadi",201,"VNS","KAPSUL"
"EPM","CAB03","2022-01-27","IN6258_BRG0005","CUST55484",1,"DUS",5648.3,"IDR","BRND005","Company","KLINIK DR. ANDRI","CAB08","Lampung","Z31","Klinik","BRG0005","P","KLORPROMAZINA TABLET SALUT SELAPUT 100 MG","ZPJ1","Produk jadi",203,"SLCYL","TABLET"
"TD","CAB04","2022-01-28","IN6070_BRG0006","CUST55485",23,"DUS",2819.2,"IDR","BRND006","Company","APOTEK TAPAK","CAB01","Aceh","Z32","Apotek","BRG0006","P","KETOCONAZOLE TABLET 200 MG","ZPJ1","Produk jadi",205,"OGB & PH","TABLET"
"TA","CAB05","2022-01-23","IN6210_BRG0007","CUST55486",4,"DUS",4592.1,"IDR","BRND007","Company","APOTEK MAJA","CAB02","Kuningan","Z32","Apotek","BRG0007","P","ERGOTAMINE COFFEINE","ZPJ1","Produk jadi",206,"ETIKAL","BOTOL"
"EPM","CAB06","2022-01-30","IN6083_BRG0008","CUST55487",2,"DUS",3991.9,"IDR","BRND008","Company","KLINIK GM","CAB03","Jakarta","Z31","Klinik","BRG0008","P","TETRACYCLINE KAPSUL 250 MG","ZPJ1","Produk jadi",204,"MARCKS","KAPSUL"
"TD","CAB07","2022-01-31","IN6322_BRG0009","CUST55488",17,"DUS",5780.7,"IDR","BRND009","Company","APOTEK MERDEKA","CAB04","Bandung","Z32","Apotek","BRG0009","P","AMBROXOL HC","ZPJ1","Produk jadi",207,"VNS","BOTOL"
"TD","CAB08","2022-02-01","IN6291_BRG0010","CUST55489",11,"DUS",6940.3,"IDR","BRND010","Company","KLINIK SAHABAT","CAB05","Tangerang","Z31","Klinik","BRG0010","P","PARACETAMOL","ZPJ1","Produk jadi",208,"SLCYL","BOTOL"
"TA","CAB09","2022-01-27","IN6062_BRG0001","CUST55490",12,"DUS",1169.91,"IDR","BRND001","Company","APOTEK SINAR JAYA","CAB06","Bekasi","Z32","Apotek","BRG0001","P","ACYCLOVIR DUS","ZPJ1","Produk jadi",206,"OGB & PH","DUS"
"EPM","CAB10","2022-01-28","IN6167_BRG0002","CUST55491",12,"DUS",2337.5,"IDR","BRND002","Company","APOTEK SAHABAT","CAB07","Padang","Z32","Apotek","BRG0002","P","ALERGINE TABLET SALUT","ZPJ1","Produk jadi",203,"ETIKAL","DUS"
"TD","CAB01","2022-01-23","IN6289_BRG0003","CUST55492",25,"DUS",10690.6,"IDR","BRND003","Company","APOTEK TAPAK","CAB01","Aceh","Z32","Apotek","BRG0003","P","AMPICILLIN","ZPJ1","Produk jadi",210,"MARCKS","BOTOL"
"TA","CAB01","2022-01-30","IN6305_BRG0004","CUST55493",14,"DUS",8700.7,"IDR","BRND004","Company","APOTEK MAJA","CAB02","Kuningan","Z32","Apotek","BRG0004","P","TRAMADOL KAPSUL 50 MG","ZPJ1","Produk jadi",201,"VNS","KAPSUL"
"EPM","CAB02","2022-01-31","IN6079_BRG0005","CUST55494",34,"DUS",5648.3,"IDR","BRND005","Company","KLINIK GM","CAB03","Jakarta","Z31","Klinik","BRG0005","P","KLORPROMAZINA TABLET SALUT SELAPUT 100 MG","ZPJ1","Produk jadi",203,"SLCYL","TABLET"
"TD","CAB03","2022-02-01","IN6320_BRG0006","CUST55495",67,"DUS",2819.2,"IDR","BRND006","Company","APOTEK MERDEKA","CAB04","Bandung","Z32","Apotek","BRG0006","P","KETOCONAZOLE TABLET 200 MG","ZPJ1","Produk jadi",205,"OGB & PH","TABLET"
"TA","CAB01","2022-01-27","IN6103_BRG0001","CUST55496",15,"DUS",4592.1,"IDR","BRND007","Company","KLINIK SAHABAT","CAB05","Tangerang","Z31","Klinik","BRG0001","P","ACYCLOVIR DUS","ZPJ1","Produk jadi",206,"OGB & PH","DUS"
"EPM","CAB01","2022-01-28","IN6172_BRG0002","CUST55497",12,"DUS",3991.9,"IDR","BRND008","Company","APOTEK SINAR JAYA","CAB06","Bekasi","Z32","Apotek","BRG0002","P","ALERGINE TABLET SALUT","ZPJ1","Produk jadi",203,"ETIKAL","DUS"
"TD","CAB02","2022-01-23","IN6183_BRG0003","CUST55498",25,"DUS",5780.7,"IDR","BRND009","Company","APOTEK SAHABAT","CAB07","Padang","Z32","Apotek","BRG0003","P","AMPICILLIN","ZPJ1","Produk jadi",210,"MARCKS","BOTOL"
"TD","CAB03","2022-01-30","IN6278_BRG0004","CUST55499",14,"DUS",6940.3,"IDR","BRND010","Company","KLINIK DR. ANDRI","CAB08","Lampung","Z31","Klinik","BRG0004","P","TRAMADOL KAPSUL 50 MG","ZPJ1","Produk jadi",201,"VNS","KAPSUL"
"TA","CAB04","2022-01-31","IN6186_BRG0001","CUST55500",18,"DUS",1169.91,"IDR","BRND001","Company","APOTEK TAPAK","CAB01","Aceh","Z32","Apotek","BRG0001","P","ACYCLOVIR DUS","ZPJ1","Produk jadi",206,"OGB & PH","DUS"
"EPM","CAB05","2022-02-01","IN6211_BRG0002","CUST55501",18,"DUS",2337.5,"IDR","BRND002","Company","APOTEK MAJA","CAB02","Kuningan","Z32","Apotek","BRG0002","P","ALERGINE TABLET SALUT","ZPJ1","Produk jadi",203,"ETIKAL","DUS"
"TD","CAB06","2022-01-27","IN6118_BRG0003","CUST55502",19,"DUS",10690.6,"IDR","BRND003","Company","KLINIK GM","CAB03","Jakarta","Z31","Klinik","BRG0003","P","AMPICILLIN","ZPJ1","Produk jadi",210,"MARCKS","BOTOL"
"TA","CAB07","2022-01-28","IN6162_BRG0004","CUST55503",12,"DUS",8700.7,"IDR","BRND004","Company","APOTEK MERDEKA","CAB04","Bandung","Z32","Apotek","BRG0004","P","TRAMADOL KAPSUL 50 MG","ZPJ1","Produk jadi",201,"VNS","KAPSUL"
"EPM","CAB08","2022-01-23","IN6221_BRG0005","CUST55504",25,"DUS",5648.3,"IDR","BRND005","Company","KLINIK SAHABAT","CAB05","Tangerang","Z31","Klinik","BRG0005","P","KLORPROMAZINA TABLET SALUT SELAPUT 100 MG","ZPJ1","Produk jadi",203,"SLCYL","TABLET"
"TD","CAB09","2022-01-30","IN6170_BRG0006","CUST55505",14,"DUS",2819.2,"IDR","BRND006","Company","APOTEK SINAR JAYA","CAB06","Bekasi","Z32","Apotek","BRG0006","P","KETOCONAZOLE TABLET 200 MG","ZPJ1","Produk jadi",205,"OGB & PH","TABLET"
"TA","CAB10","2022-01-31","IN6045_BRG0007","CUST55506",21,"DUS",4592.1,"IDR","BRND007","Company","APOTEK SAHABAT","CAB07","Padang","Z32","Apotek","BRG0007","P","ERGOTAMINE COFFEINE","ZPJ1","Produk jadi",206,"ETIKAL","BOTOL"
"EPM","CAB01","2022-02-01","IN6300_BRG0008","CUST55507",22,"DUS",3991.9,"IDR","BRND008","Company","APOTEK TAPAK","CAB01","Aceh","Z32","Apotek","BRG0008","P","TETRACYCLINE KAPSUL 250 MG","ZPJ1","Produk jadi",204,"MARCKS","KAPSUL"
"TD","CAB01","2022-01-27","IN6228_BRG0009","CUST55508",12,"DUS",5780.7,"IDR","BRND009","Company","APOTEK MAJA","CAB02","Kuningan","Z32","Apotek","BRG0009","P","AMBROXOL HC","ZPJ1","Produk jadi",207,"VNS","BOTOL"
"TD","CAB02","2022-01-28","IN6199_BRG0010","CUST55509",25,"DUS",6940.3,"IDR","BRND010","Company","KLINIK GM","CAB03","Jakarta","Z31","Klinik","BRG0010","P","PARACETAMOL","ZPJ1","Produk jadi",208,"SLCYL","BOTOL"
"TA","CAB03","2022-01-23","IN6215_BRG0001","CUST55510",14,"DUS",1169.91,"IDR","BRND001","Company","APOTEK MERDEKA","CAB04","Bandung","Z32","Apotek","BRG0001","P","ACYCLOVIR DUS","ZPJ1","Produk jadi",206,"OGB & PH","DUS"
"EPM","CAB01","2022-01-30","IN6107_BRG0002","CUST55511",24,"DUS",2337.5,"IDR","BRND002","Company","KLINIK SAHABAT","CAB05","Tangerang","Z31","Klinik","BRG0002","P","ALERGINE TABLET SALUT","ZPJ1","Produk jadi",203,"ETIKAL","DUS"
"TD","CAB01","2022-01-31","IN6152_BRG0003","CUST55512",10,"DUS",10690.6,"IDR","BRND003","Company","APOTEK SINAR JAYA","CAB06","Bekasi","Z32","Apotek","BRG0003","P","AMPICILLIN","ZPJ1","Produk jadi",210,"MARCKS","BOTOL"
"TA","CAB02","2022-02-01","IN6017_BRG0004","CUST55513",23,"DUS",8700.7,"IDR","BRND004","Company","APOTEK SAHABAT","CAB07","Padang","Z32","Apotek","BRG0004","P","TRAMADOL KAPSUL 50 MG","ZPJ1","Produk jadi",201,"VNS","KAPSUL"
"EPM","CAB03","2022-01-27","IN6299_BRG0005","CUST55514",12,"DUS",5648.3,"IDR","BRND005","Company","KLINIK DR. ANDRI","CAB08","Lampung","Z31","Klinik","BRG0005","P","KLORPROMAZINA TABLET SALUT SELAPUT 100 MG","ZPJ1","Produk jadi",203,"SLCYL","TABLET"
"TD","CAB04","2022-01-28","IN6064_BRG0006","CUST55515",10,"DUS",2819.2,"IDR","BRND006","Company","APOTEK TAPAK","CAB01","Aceh","Z32","Apotek","BRG0006","P","KETOCONAZOLE TABLET 200 MG","ZPJ1","Produk jadi",205,"OGB & PH","TABLET"
"TD","CAB05","2022-01-23","IN6308_BRG0007","CUST55516",67,"DUS",4592.1,"IDR","BRND007","Company","APOTEK MAJA","CAB02","Kuningan","Z32","Apotek","BRG0007","P","ERGOTAMINE COFFEINE","ZPJ1","Produk jadi",206,"ETIKAL","BOTOL"
"TA","CAB06","2022-01-30","IN6038_BRG0008","CUST55517",98,"DUS",3991.9,"IDR","BRND008","Company","KLINIK GM","CAB03","Jakarta","Z31","Klinik","BRG0008","P","TETRACYCLINE KAPSUL 250 MG","ZPJ1","Produk jadi",204,"MARCKS","KAPSUL"
"EPM","CAB07","2022-01-31","IN6130_BRG0009","CUST55518",5,"DUS",5780.7,"IDR","BRND009","Company","APOTEK MERDEKA","CAB04","Bandung","Z32","Apotek","BRG0009","P","AMBROXOL HC","ZPJ1","Produk jadi",207,"VNS","BOTOL"
"TD","CAB08","2022-02-01","IN6293_BRG0010","CUST55519",4,"DUS",6940.3,"IDR","BRND010","Company","KLINIK SAHABAT","CAB05","Tangerang","Z31","Klinik","BRG0010","P","PARACETAMOL","ZPJ1","Produk jadi",208,"SLCYL","BOTOL"
"TA","CAB09","2022-01-27","IN6205_BRG0001","CUST55520",8,"DUS",1169.91,"IDR","BRND001","Company","APOTEK SINAR JAYA","CAB06","Bekasi","Z32","Apotek","BRG0001","P","ACYCLOVIR DUS","ZPJ1","Produk jadi",206,"OGB & PH","DUS"
"EPM","CAB10","2022-01-28","IN6325_BRG0002","CUST55521",9,"DUS",2337.5,"IDR","BRND002","Company","APOTEK SAHABAT","CAB07","Padang","Z32","Apotek","BRG0002","P","ALERGINE TABLET SALUT","ZPJ1","Produk jadi",203,"ETIKAL","DUS"
"TD","CAB01","2022-01-23","IN6317_BRG0003","CUST55522",10,"DUS",10690.6,"IDR","BRND003","Company","APOTEK TAPAK","CAB01","Aceh","Z32","Apotek","BRG0003","P","AMPICILLIN","ZPJ1","Produk jadi",210,"MARCKS","BOTOL"
"TA","CAB01","2022-01-30","IN6025_BRG0004","CUST55523",7,"DUS",8700.7,"IDR","BRND004","Company","APOTEK MAJA","CAB02","Kuningan","Z32","Apotek","BRG0004","P","TRAMADOL KAPSUL 50 MG","ZPJ1","Produk jadi",201,"VNS","KAPSUL"
"EPM","CAB02","2022-01-31","IN6203_BRG0005","CUST55524",100,"DUS",5648.3,"IDR","BRND005","Company","KLINIK GM","CAB03","Jakarta","Z31","Klinik","BRG0005","P","KLORPROMAZINA TABLET SALUT SELAPUT 100 MG","ZPJ1","Produk jadi",203,"SLCYL","TABLET"
"TD","CAB03","2022-02-01","IN6243_BRG0006","CUST55525",67,"DUS",2819.2,"IDR","BRND006","Company","APOTEK MERDEKA","CAB04","Bandung","Z32","Apotek","BRG0006","P","KETOCONAZOLE TABLET 200 MG","ZPJ1","Produk jadi",205,"OGB & PH","TABLET"
"TD","CAB01","2022-01-27","IN6136_BRG0001","CUST55526",78,"DUS",4592.1,"IDR","BRND007","Company","KLINIK SAHABAT","CAB05","Tangerang","Z31","Klinik","BRG0001","P","ACYCLOVIR DUS","ZPJ1","Produk jadi",206,"OGB & PH","DUS"
"TA","CAB01","2022-01-28","IN6314_BRG0002","CUST55527",45,"DUS",3991.9,"IDR","BRND008","Company","APOTEK SINAR JAYA","CAB06","Bekasi","Z32","Apotek","BRG0002","P","ALERGINE TABLET SALUT","ZPJ1","Produk jadi",203,"ETIKAL","DUS"
"EPM","CAB02","2022-01-23","IN6202_BRG0003","CUST55528",34,"DUS",5780.7,"IDR","BRND009","Company","APOTEK SAHABAT","CAB07","Padang","Z32","Apotek","BRG0003","P","AMPICILLIN","ZPJ1","Produk jadi",210,"MARCKS","BOTOL"
"TD","CAB03","2022-01-30","IN6279_BRG0004","CUST55529",20,"DUS",6940.3,"IDR","BRND010","Company","KLINIK DR. ANDRI","CAB08","Lampung","Z31","Klinik","BRG0004","P","TRAMADOL KAPSUL 50 MG","ZPJ1","Produk jadi",201,"VNS","KAPSUL"
"TA","CAB04","2022-01-31","IN6196_BRG0001","CUST55530",45,"DUS",1169.91,"IDR","BRND001","Company","APOTEK TAPAK","CAB01","Aceh","Z32","Apotek","BRG0001","P","ACYCLOVIR DUS","ZPJ1","Produk jadi",206,"OGB & PH","DUS"
"EPM","CAB05","2022-02-01","IN6266_BRG0002","CUST55531",34,"DUS",2337.5,"IDR","BRND002","Company","APOTEK MAJA","CAB02","Kuningan","Z32","Apotek","BRG0002","P","ALERGINE TABLET SALUT","ZPJ1","Produk jadi",203,"ETIKAL","DUS"
"TD","CAB06","2022-01-27","IN6058_BRG0003","CUST55532",34,"DUS",10690.6,"IDR","BRND003","Company","KLINIK GM","CAB03","Jakarta","Z31","Klinik","BRG0003","P","AMPICILLIN","ZPJ1","Produk jadi",210,"MARCKS","BOTOL"
"TA","CAB07","2022-01-28","IN6246_BRG0004","CUST55533",34,"DUS",8700.7,"IDR","BRND004","Company","APOTEK MERDEKA","CAB04","Bandung","Z32","Apotek","BRG0004","P","TRAMADOL KAPSUL 50 MG","ZPJ1","Produk jadi",201,"VNS","KAPSUL"
"EPM","CAB08","2022-01-23","IN6242_BRG0005","CUST55534",44,"DUS",5648.3,"IDR","BRND005","Company","KLINIK SAHABAT","CAB05","Tangerang","Z31","Klinik","BRG0005","P","KLORPROMAZINA TABLET SALUT SELAPUT 100 MG","ZPJ1","Produk jadi",203,"SLCYL","TABLET"
"TD","CAB09","2022-01-30","IN5982_BRG0006","CUST55535",5,"DUS",2819.2,"IDR","BRND006","Company","APOTEK SINAR JAYA","CAB06","Bekasi","Z32","Apotek","BRG0006","P","KETOCONAZOLE TABLET 200 MG","ZPJ1","Produk jadi",205,"OGB & PH","TABLET"
"TD","CAB10","2022-01-31","IN6068_BRG0007","CUST55536",6,"DUS",4592.1,"IDR","BRND007","Company","APOTEK SAHABAT","CAB07","Padang","Z32","Apotek","BRG0007","P","ERGOTAMINE COFFEINE","ZPJ1","Produk jadi",206,"ETIKAL","BOTOL"
"TA","CAB01","2022-02-01","IN6128_BRG0008","CUST55537",79,"DUS",3991.9,"IDR","BRND008","Company","APOTEK TAPAK","CAB01","Aceh","Z32","Apotek","BRG0008","P","TETRACYCLINE KAPSUL 250 MG","ZPJ1","Produk jadi",204,"MARCKS","KAPSUL"
"EPM","CAB01","2022-01-27","IN6066_BRG0009","CUST55538",12,"DUS",5780.7,"IDR","BRND009","Company","APOTEK MAJA","CAB02","Kuningan","Z32","Apotek","BRG0009","P","AMBROXOL HC","ZPJ1","Produk jadi",207,"VNS","BOTOL"
"TD","CAB02","2022-01-28","IN6303_BRG0010","CUST55539",95,"DUS",6940.3,"IDR","BRND010","Company","KLINIK GM","CAB03","Jakarta","Z31","Klinik","BRG0010","P","PARACETAMOL","ZPJ1","Produk jadi",208,"SLCYL","BOTOL"
"TA","CAB03","2022-01-23","IN6284_BRG0001","CUST55540",76,"DUS",1169.91,"IDR","BRND001","Company","APOTEK MERDEKA","CAB04","Bandung","Z32","Apotek","BRG0001","P","ACYCLOVIR DUS","ZPJ1","Produk jadi",206,"OGB & PH","DUS"
"EPM","CAB01","2022-01-30","IN6240_BRG0002","CUST55541",48,"DUS",2337.5,"IDR","BRND002","Company","KLINIK SAHABAT","CAB05","Tangerang","Z31","Klinik","BRG0002","P","ALERGINE TABLET SALUT","ZPJ1","Produk jadi",203,"ETIKAL","DUS"
"TD","CAB01","2022-01-31","IN6244_BRG0003","CUST55542",21,"DUS",10690.6,"IDR","BRND003","Company","APOTEK SINAR JAYA","CAB06","Bekasi","Z32","Apotek","BRG0003","P","AMPICILLIN","ZPJ1","Produk jadi",210,"MARCKS","BOTOL"
"TD","CAB02","2022-02-01","IN6060_BRG0004","CUST55543",22,"DUS",8700.7,"IDR","BRND004","Company","APOTEK SAHABAT","CAB07","Padang","Z32","Apotek","BRG0004","P","TRAMADOL KAPSUL 50 MG","ZPJ1","Produk jadi",201,"VNS","KAPSUL"
"TA","CAB03","2022-02-02","IN6254_BRG0005","CUST55544",12,"DUS",5648.3,"IDR","BRND005","Company","KLINIK DR. ANDRI","CAB08","Lampung","Z31","Klinik","BRG0005","P","KLORPROMAZINA TABLET SALUT SELAPUT 100 MG","ZPJ1","Produk jadi",203,"SLCYL","TABLET"
"EPM","CAB04","2022-02-03","IN6171_BRG0006","CUST55545",25,"DUS",2819.2,"IDR","BRND006","Company","APOTEK TAPAK","CAB01","Aceh","Z32","Apotek","BRG0006","P","KETOCONAZOLE TABLET 200 MG","ZPJ1","Produk jadi",205,"OGB & PH","TABLET"
"TD","CAB05","2022-02-04","IN6002_BRG0007","CUST55546",14,"DUS",4592.1,"IDR","BRND007","Company","APOTEK MAJA","CAB02","Kuningan","Z32","Apotek","BRG0007","P","ERGOTAMINE COFFEINE","ZPJ1","Produk jadi",206,"ETIKAL","BOTOL"
"TA","CAB06","2022-02-05","IN6261_BRG0008","CUST55547",24,"DUS",3991.9,"IDR","BRND008","Company","KLINIK GM","CAB03","Jakarta","Z31","Klinik","BRG0008","P","TETRACYCLINE KAPSUL 250 MG","ZPJ1","Produk jadi",204,"MARCKS","KAPSUL"
"EPM","CAB07","2022-02-06","IN6088_BRG0009","CUST55548",10,"DUS",5780.7,"IDR","BRND009","Company","APOTEK MERDEKA","CAB04","Bandung","Z32","Apotek","BRG0009","P","AMBROXOL HC","ZPJ1","Produk jadi",207,"VNS","BOTOL"
"TD","CAB08","2022-02-07","IN6181_BRG0010","CUST55549",130,"DUS",6940.3,"IDR","BRND010","Company","KLINIK SAHABAT","CAB05","Tangerang","Z31","Klinik","BRG0010","P","PARACETAMOL","ZPJ1","Produk jadi",208,"SLCYL","BOTOL"
"TA","CAB09","2022-02-08","IN6135_BRG0001","CUST55550",12,"DUS",1169.91,"IDR","BRND001","Company","APOTEK SINAR JAYA","CAB06","Bekasi","Z32","Apotek","BRG0001","P","ACYCLOVIR DUS","ZPJ1","Produk jadi",206,"OGB & PH","DUS"
"EPM","CAB10","2022-02-09","IN5988_BRG0002","CUST55551",10,"DUS",2337.5,"IDR","BRND002","Company","APOTEK SAHABAT","CAB07","Padang","Z32","Apotek","BRG0002","P","ALERGINE TABLET SALUT","ZPJ1","Produk jadi",203,"ETIKAL","DUS"
"TD","CAB01","2022-02-10","IN6234_BRG0003","CUST55552",67,"DUS",10690.6,"IDR","BRND003","Company","APOTEK TAPAK","CAB01","Aceh","Z32","Apotek","BRG0003","P","AMPICILLIN","ZPJ1","Produk jadi",210,"MARCKS","BOTOL"
"TD","CAB01","2022-02-11","IN6319_BRG0004","CUST55553",98,"DUS",8700.7,"IDR","BRND004","Company","APOTEK MAJA","CAB02","Kuningan","Z32","Apotek","BRG0004","P","TRAMADOL KAPSUL 50 MG","ZPJ1","Produk jadi",201,"VNS","KAPSUL"
"TA","CAB02","2022-02-12","IN6006_BRG0005","CUST55554",5,"DUS",5648.3,"IDR","BRND005","Company","KLINIK GM","CAB03","Jakarta","Z31","Klinik","BRG0005","P","KLORPROMAZINA TABLET SALUT SELAPUT 100 MG","ZPJ1","Produk jadi",203,"SLCYL","TABLET"
"EPM","CAB03","2022-02-13","IN6147_BRG0006","CUST55555",4,"DUS",2819.2,"IDR","BRND006","Company","APOTEK MERDEKA","CAB04","Bandung","Z32","Apotek","BRG0006","P","KETOCONAZOLE TABLET 200 MG","ZPJ1","Produk jadi",205,"OGB & PH","TABLET"
"TD","CAB01","2022-02-14","IN6129_BRG0001","CUST55556",8,"DUS",4592.1,"IDR","BRND007","Company","KLINIK SAHABAT","CAB05","Tangerang","Z31","Klinik","BRG0001","P","ACYCLOVIR DUS","ZPJ1","Produk jadi",206,"OGB & PH","DUS"
"TA","CAB01","2022-02-15","IN5986_BRG0002","CUST55557",9,"DUS",3991.9,"IDR","BRND008","Company","APOTEK SINAR JAYA","CAB06","Bekasi","Z32","Apotek","BRG0002","P","ALERGINE TABLET SALUT","ZPJ1","Produk jadi",203,"ETIKAL","DUS"
"EPM","CAB02","2022-02-16","IN6026_BRG0003","CUST55558",21,"DUS",5780.7,"IDR","BRND009","Company","APOTEK SAHABAT","CAB07","Padang","Z32","Apotek","BRG0003","P","AMPICILLIN","ZPJ1","Produk jadi",210,"MARCKS","BOTOL"
"TD","CAB03","2022-02-17","IN6224_BRG0004","CUST55559",22,"DUS",6940.3,"IDR","BRND010","Company","KLINIK DR. ANDRI","CAB08","Lampung","Z31","Klinik","BRG0004","P","TRAMADOL KAPSUL 50 MG","ZPJ1","Produk jadi",201,"VNS","KAPSUL"
"TA","CAB04","2022-02-18","IN6087_BRG0001","CUST55560",12,"DUS",1169.91,"IDR","BRND001","Company","APOTEK TAPAK","CAB01","Aceh","Z32","Apotek","BRG0001","P","ACYCLOVIR DUS","ZPJ1","Produk jadi",206,"OGB & PH","DUS"
"EPM","CAB05","2022-02-19","IN6096_BRG0002","CUST55561",25,"DUS",2337.5,"IDR","BRND002","Company","APOTEK MAJA","CAB02","Kuningan","Z32","Apotek","BRG0002","P","ALERGINE TABLET SALUT","ZPJ1","Produk jadi",203,"ETIKAL","DUS"
"TD","CAB06","2022-02-20","IN6034_BRG0003","CUST55562",14,"DUS",10690.6,"IDR","BRND003","Company","KLINIK GM","CAB03","Jakarta","Z31","Klinik","BRG0003","P","AMPICILLIN","ZPJ1","Produk jadi",210,"MARCKS","BOTOL"
"TD","CAB07","2022-02-21","IN6231_BRG0004","CUST55563",24,"DUS",8700.7,"IDR","BRND004","Company","APOTEK MERDEKA","CAB04","Bandung","Z32","Apotek","BRG0004","P","TRAMADOL KAPSUL 50 MG","ZPJ1","Produk jadi",201,"VNS","KAPSUL"
"TA","CAB08","2022-02-22","IN6260_BRG0005","CUST55564",10,"DUS",5648.3,"IDR","BRND005","Company","KLINIK SAHABAT","CAB05","Tangerang","Z31","Klinik","BRG0005","P","KLORPROMAZINA TABLET SALUT SELAPUT 100 MG","ZPJ1","Produk jadi",203,"SLCYL","TABLET"
"EPM","CAB09","2022-02-23","IN6302_BRG0006","CUST55565",120,"DUS",2819.2,"IDR","BRND006","Company","APOTEK SINAR JAYA","CAB06","Bekasi","Z32","Apotek","BRG0006","P","KETOCONAZOLE TABLET 200 MG","ZPJ1","Produk jadi",205,"OGB & PH","TABLET"
"TD","CAB10","2022-02-24","IN6061_BRG0007","CUST55566",12,"DUS",4592.1,"IDR","BRND007","Company","APOTEK SAHABAT","CAB07","Padang","Z32","Apotek","BRG0007","P","ERGOTAMINE COFFEINE","ZPJ1","Produk jadi",206,"ETIKAL","BOTOL"
"TA","CAB01","2022-02-25","IN6011_BRG0008","CUST55567",10,"DUS",3991.9,"IDR","BRND008","Company","APOTEK TAPAK","CAB01","Aceh","Z32","Apotek","BRG0008","P","TETRACYCLINE KAPSUL 250 MG","ZPJ1","Produk jadi",204,"MARCKS","KAPSUL"
"EPM","CAB01","2022-02-26","IN6275_BRG0009","CUST55568",67,"DUS",5780.7,"IDR","BRND009","Company","APOTEK MAJA","CAB02","Kuningan","Z32","Apotek","BRG0009","P","AMBROXOL HC","ZPJ1","Produk jadi",207,"VNS","BOTOL"
"TD","CAB02","2022-02-27","IN6114_BRG0010","CUST55569",98,"DUS",6940.3,"IDR","BRND010","Company","KLINIK GM","CAB03","Jakarta","Z31","Klinik","BRG0010","P","PARACETAMOL","ZPJ1","Produk jadi",208,"SLCYL","BOTOL"
"TD","CAB03","2022-02-28","IN6041_BRG0001","CUST55570",5,"DUS",1169.91,"IDR","BRND001","Company","APOTEK MERDEKA","CAB04","Bandung","Z32","Apotek","BRG0001","P","ACYCLOVIR DUS","ZPJ1","Produk jadi",206,"OGB & PH","DUS"
"TA","CAB01","2022-03-01","IN6069_BRG0002","CUST55571",4,"DUS",2337.5,"IDR","BRND002","Company","KLINIK SAHABAT","CAB05","Tangerang","Z31","Klinik","BRG0002","P","ALERGINE TABLET SALUT","ZPJ1","Produk jadi",203,"ETIKAL","DUS"
"EPM","CAB01","2022-03-02","IN6239_BRG0003","CUST55572",8,"DUS",10690.6,"IDR","BRND003","Company","APOTEK SINAR JAYA","CAB06","Bekasi","Z32","Apotek","BRG0003","P","AMPICILLIN","ZPJ1","Produk jadi",210,"MARCKS","BOTOL"
"TD","CAB02","2022-03-03","IN6137_BRG0004","CUST55573",9,"DUS",8700.7,"IDR","BRND004","Company","APOTEK SAHABAT","CAB07","Padang","Z32","Apotek","BRG0004","P","TRAMADOL KAPSUL 50 MG","ZPJ1","Produk jadi",201,"VNS","KAPSUL"
"TA","CAB03","2022-03-04","IN6189_BRG0005","CUST55574",1,"DUS",5648.3,"IDR","BRND005","Company","KLINIK DR. ANDRI","CAB08","Lampung","Z31","Klinik","BRG0005","P","KLORPROMAZINA TABLET SALUT SELAPUT 100 MG","ZPJ1","Produk jadi",203,"SLCYL","TABLET"
"EPM","CAB04","2022-03-05","IN6229_BRG0006","CUST55575",5,"DUS",2819.2,"IDR","BRND006","Company","APOTEK TAPAK","CAB01","Aceh","Z32","Apotek","BRG0006","P","KETOCONAZOLE TABLET 200 MG","ZPJ1","Produk jadi",205,"OGB & PH","TABLET"
"TD","CAB05","2022-03-06","IN6110_BRG0007","CUST55576",9,"DUS",4592.1,"IDR","BRND007","Company","APOTEK MAJA","CAB02","Kuningan","Z32","Apotek","BRG0007","P","ERGOTAMINE COFFEINE","ZPJ1","Produk jadi",206,"ETIKAL","BOTOL"
"TA","CAB06","2022-03-07","IN6182_BRG0008","CUST55577",13,"DUS",3991.9,"IDR","BRND008","Company","KLINIK GM","CAB03","Jakarta","Z31","Klinik","BRG0008","P","TETRACYCLINE KAPSUL 250 MG","ZPJ1","Produk jadi",204,"MARCKS","KAPSUL"
"EPM","CAB07","2022-03-08","IN6164_BRG0009","CUST55578",1,"DUS",5780.7,"IDR","BRND009","Company","APOTEK MERDEKA","CAB04","Bandung","Z32","Apotek","BRG0009","P","AMBROXOL HC","ZPJ1","Produk jadi",207,"VNS","BOTOL"
"TD","CAB08","2022-03-09","IN6016_BRG0010","CUST55579",5,"DUS",6940.3,"IDR","BRND010","Company","KLINIK SAHABAT","CAB05","Tangerang","Z31","Klinik","BRG0010","P","PARACETAMOL","ZPJ1","Produk jadi",208,"SLCYL","BOTOL"
"TD","CAB09","2022-03-10","IN6043_BRG0001","CUST55580",9,"DUS",1169.91,"IDR","BRND001","Company","APOTEK SINAR JAYA","CAB06","Bekasi","Z32","Apotek","BRG0001","P","ACYCLOVIR DUS","ZPJ1","Produk jadi",206,"OGB & PH","DUS"
"TA","CAB10","2022-03-11","IN6020_BRG0002","CUST55581",1,"DUS",2337.5,"IDR","BRND002","Company","APOTEK SAHABAT","CAB07","Padang","Z32","Apotek","BRG0002","P","ALERGINE TABLET SALUT","ZPJ1","Produk jadi",203,"ETIKAL","DUS"
"EPM","CAB01","2022-03-12","IN6206_BRG0003","CUST55582",23,"DUS",10690.6,"IDR","BRND003","Company","APOTEK TAPAK","CAB01","Aceh","Z32","Apotek","BRG0003","P","AMPICILLIN","ZPJ1","Produk jadi",210,"MARCKS","BOTOL"
"TD","CAB01","2022-03-13","IN6055_BRG0004","CUST55583",4,"DUS",8700.7,"IDR","BRND004","Company","APOTEK MAJA","CAB02","Kuningan","Z32","Apotek","BRG0004","P","TRAMADOL KAPSUL 50 MG","ZPJ1","Produk jadi",201,"VNS","KAPSUL"
"TA","CAB02","2022-03-14","IN6092_BRG0005","CUST55584",2,"DUS",5648.3,"IDR","BRND005","Company","KLINIK GM","CAB03","Jakarta","Z31","Klinik","BRG0005","P","KLORPROMAZINA TABLET SALUT SELAPUT 100 MG","ZPJ1","Produk jadi",203,"SLCYL","TABLET"
"EPM","CAB03","2022-03-15","IN6177_BRG0006","CUST55585",17,"DUS",2819.2,"IDR","BRND006","Company","APOTEK MERDEKA","CAB04","Bandung","Z32","Apotek","BRG0006","P","KETOCONAZOLE TABLET 200 MG","ZPJ1","Produk jadi",205,"OGB & PH","TABLET"
"TD","CAB01","2022-03-16","IN6209_BRG0001","CUST55586",11,"DUS",4592.1,"IDR","BRND007","Company","KLINIK SAHABAT","CAB05","Tangerang","Z31","Klinik","BRG0001","P","ACYCLOVIR DUS","ZPJ1","Produk jadi",206,"OGB & PH","DUS"
"TA","CAB01","2022-03-17","IN6250_BRG0002","CUST55587",12,"DUS",3991.9,"IDR","BRND008","Company","APOTEK SINAR JAYA","CAB06","Bekasi","Z32","Apotek","BRG0002","P","ALERGINE TABLET SALUT","ZPJ1","Produk jadi",203,"ETIKAL","DUS"
"EPM","CAB02","2022-03-18","IN6193_BRG0003","CUST55588",12,"DUS",5780.7,"IDR","BRND009","Company","APOTEK SAHABAT","CAB07","Padang","Z32","Apotek","BRG0003","P","AMPICILLIN","ZPJ1","Produk jadi",210,"MARCKS","BOTOL"
"TD","CAB03","2022-03-19","IN6081_BRG0004","CUST55589",25,"DUS",6940.3,"IDR","BRND010","Company","KLINIK DR. ANDRI","CAB08","Lampung","Z31","Klinik","BRG0004","P","TRAMADOL KAPSUL 50 MG","ZPJ1","Produk jadi",201,"VNS","KAPSUL"
"TD","CAB04","2022-03-20","IN6149_BRG0001","CUST55590",14,"DUS",1169.91,"IDR","BRND001","Company","APOTEK TAPAK","CAB01","Aceh","Z32","Apotek","BRG0001","P","ACYCLOVIR DUS","ZPJ1","Produk jadi",206,"OGB & PH","DUS"
"TA","CAB05","2022-03-21","IN6014_BRG0002","CUST55591",34,"DUS",2337.5,"IDR","BRND002","Company","APOTEK MAJA","CAB02","Kuningan","Z32","Apotek","BRG0002","P","ALERGINE TABLET SALUT","ZPJ1","Produk jadi",203,"ETIKAL","DUS"
"EPM","CAB06","2022-03-22","IN6290_BRG0003","CUST55592",67,"DUS",10690.6,"IDR","BRND003","Company","KLINIK GM","CAB03","Jakarta","Z31","Klinik","BRG0003","P","AMPICILLIN","ZPJ1","Produk jadi",210,"MARCKS","BOTOL"
"TD","CAB07","2022-03-23","IN6051_BRG0004","CUST55593",15,"DUS",8700.7,"IDR","BRND004","Company","APOTEK MERDEKA","CAB04","Bandung","Z32","Apotek","BRG0004","P","TRAMADOL KAPSUL 50 MG","ZPJ1","Produk jadi",201,"VNS","KAPSUL"
"TA","CAB08","2022-03-24","IN6076_BRG0005","CUST55594",12,"DUS",5648.3,"IDR","BRND005","Company","KLINIK SAHABAT","CAB05","Tangerang","Z31","Klinik","BRG0005","P","KLORPROMAZINA TABLET SALUT SELAPUT 100 MG","ZPJ1","Produk jadi",203,"SLCYL","TABLET"
"EPM","CAB09","2022-03-25","IN6140_BRG0006","CUST55595",25,"DUS",2819.2,"IDR","BRND006","Company","APOTEK SINAR JAYA","CAB06","Bekasi","Z32","Apotek","BRG0006","P","KETOCONAZOLE TABLET 200 MG","ZPJ1","Produk jadi",205,"OGB & PH","TABLET"
"TD","CAB10","2022-03-26","IN6080_BRG0007","CUST55596",14,"DUS",4592.1,"IDR","BRND007","Company","APOTEK SAHABAT","CAB07","Padang","Z32","Apotek","BRG0007","P","ERGOTAMINE COFFEINE","ZPJ1","Produk jadi",206,"ETIKAL","BOTOL"
"TD","CAB01","2022-03-27","IN6153_BRG0008","CUST55597",18,"DUS",3991.9,"IDR","BRND008","Company","APOTEK TAPAK","CAB01","Aceh","Z32","Apotek","BRG0008","P","TETRACYCLINE KAPSUL 250 MG","ZPJ1","Produk jadi",204,"MARCKS","KAPSUL"
"TA","CAB01","2022-03-28","IN5979_BRG0009","CUST55598",18,"DUS",5780.7,"IDR","BRND009","Company","APOTEK MAJA","CAB02","Kuningan","Z32","Apotek","BRG0009","P","AMBROXOL HC","ZPJ1","Produk jadi",207,"VNS","BOTOL"
"EPM","CAB02","2022-03-29","IN6098_BRG0010","CUST55599",19,"DUS",6940.3,"IDR","BRND010","Company","KLINIK GM","CAB03","Jakarta","Z31","Klinik","BRG0010","P","PARACETAMOL","ZPJ1","Produk jadi",208,"SLCYL","BOTOL"
"TD","CAB03","2022-03-30","IN6078_BRG0001","CUST55600",12,"DUS",1169.91,"IDR","BRND001","Company","APOTEK MERDEKA","CAB04","Bandung","Z32","Apotek","BRG0001","P","ACYCLOVIR DUS","ZPJ1","Produk jadi",206,"OGB & PH","DUS"
"TA","CAB01","2022-03-31","IN6085_BRG0002","CUST55601",25,"DUS",2337.5,"IDR","BRND002","Company","KLINIK SAHABAT","CAB05","Tangerang","Z31","Klinik","BRG0002","P","ALERGINE TABLET SALUT","ZPJ1","Produk jadi",203,"ETIKAL","DUS"
"EPM","CAB01","2022-04-01","IN6018_BRG0003","CUST55602",14,"DUS",10690.6,"IDR","BRND003","Company","APOTEK SINAR JAYA","CAB06","Bekasi","Z32","Apotek","BRG0003","P","AMPICILLIN","ZPJ1","Produk jadi",210,"MARCKS","BOTOL"
"TD","CAB02","2022-04-02","IN6001_BRG0004","CUST55603",21,"DUS",8700.7,"IDR","BRND004","Company","APOTEK SAHABAT","CAB07","Padang","Z32","Apotek","BRG0004","P","TRAMADOL KAPSUL 50 MG","ZPJ1","Produk jadi",201,"VNS","KAPSUL"
"TA","CAB03","2022-04-03","IN6271_BRG0005","CUST55604",22,"DUS",5648.3,"IDR","BRND005","Company","KLINIK DR. ANDRI","CAB08","Lampung","Z31","Klinik","BRG0005","P","KLORPROMAZINA TABLET SALUT SELAPUT 100 MG","ZPJ1","Produk jadi",203,"SLCYL","TABLET"
"EPM","CAB04","2022-04-04","IN6207_BRG0006","CUST55605",12,"DUS",2819.2,"IDR","BRND006","Company","APOTEK TAPAK","CAB01","Aceh","Z32","Apotek","BRG0006","P","KETOCONAZOLE TABLET 200 MG","ZPJ1","Produk jadi",205,"OGB & PH","TABLET"
"TD","CAB05","2022-04-05","IN6187_BRG0007","CUST55606",25,"DUS",4592.1,"IDR","BRND007","Company","APOTEK MAJA","CAB02","Kuningan","Z32","Apotek","BRG0007","P","ERGOTAMINE COFFEINE","ZPJ1","Produk jadi",206,"ETIKAL","BOTOL"
"TD","CAB06","2022-04-06","IN5995_BRG0008","CUST55607",14,"DUS",3991.9,"IDR","BRND008","Company","KLINIK GM","CAB03","Jakarta","Z31","Klinik","BRG0008","P","TETRACYCLINE KAPSUL 250 MG","ZPJ1","Produk jadi",204,"MARCKS","KAPSUL"
"TA","CAB07","2022-04-07","IN6156_BRG0009","CUST55608",24,"DUS",5780.7,"IDR","BRND009","Company","APOTEK MERDEKA","CAB04","Bandung","Z32","Apotek","BRG0009","P","AMBROXOL HC","ZPJ1","Produk jadi",207,"VNS","BOTOL"
"EPM","CAB08","2022-04-08","IN6232_BRG0010","CUST55609",10,"DUS",6940.3,"IDR","BRND010","Company","KLINIK SAHABAT","CAB05","Tangerang","Z31","Klinik","BRG0010","P","PARACETAMOL","ZPJ1","Produk jadi",208,"SLCYL","BOTOL"
"TD","CAB09","2022-04-09","IN5998_BRG0001","CUST55610",23,"DUS",1169.91,"IDR","BRND001","Company","APOTEK SINAR JAYA","CAB06","Bekasi","Z32","Apotek","BRG0001","P","ACYCLOVIR DUS","ZPJ1","Produk jadi",206,"OGB & PH","DUS"
"TA","CAB10","2022-04-10","IN6227_BRG0002","CUST55611",12,"DUS",2337.5,"IDR","BRND002","Company","APOTEK SAHABAT","CAB07","Padang","Z32","Apotek","BRG0002","P","ALERGINE TABLET SALUT","ZPJ1","Produk jadi",203,"ETIKAL","DUS"
"EPM","CAB01","2022-04-11","IN6027_BRG0003","CUST55612",10,"DUS",10690.6,"IDR","BRND003","Company","APOTEK TAPAK","CAB01","Aceh","Z32","Apotek","BRG0003","P","AMPICILLIN","ZPJ1","Produk jadi",210,"MARCKS","BOTOL"
"TD","CAB01","2022-04-12","IN6157_BRG0004","CUST55613",67,"DUS",8700.7,"IDR","BRND004","Company","APOTEK MAJA","CAB02","Kuningan","Z32","Apotek","BRG0004","P","TRAMADOL KAPSUL 50 MG","ZPJ1","Produk jadi",201,"VNS","KAPSUL"
"TA","CAB02","2022-04-13","IN6180_BRG0005","CUST55614",98,"DUS",5648.3,"IDR","BRND005","Company","KLINIK GM","CAB03","Jakarta","Z31","Klinik","BRG0005","P","KLORPROMAZINA TABLET SALUT SELAPUT 100 MG","ZPJ1","Produk jadi",203,"SLCYL","TABLET"
"EPM","CAB03","2022-04-14","IN6257_BRG0006","CUST55615",5,"DUS",2819.2,"IDR","BRND006","Company","APOTEK MERDEKA","CAB04","Bandung","Z32","Apotek","BRG0006","P","KETOCONAZOLE TABLET 200 MG","ZPJ1","Produk jadi",205,"OGB & PH","TABLET"
"TD","CAB01","2022-04-15","IN6031_BRG0001","CUST55616",4,"DUS",4592.1,"IDR","BRND007","Company","KLINIK SAHABAT","CAB05","Tangerang","Z31","Klinik","BRG0001","P","ACYCLOVIR DUS","ZPJ1","Produk jadi",206,"OGB & PH","DUS"
"TD","CAB01","2022-04-16","IN6082_BRG0002","CUST55617",8,"DUS",3991.9,"IDR","BRND008","Company","APOTEK SINAR JAYA","CAB06","Bekasi","Z32","Apotek","BRG0002","P","ALERGINE TABLET SALUT","ZPJ1","Produk jadi",203,"ETIKAL","DUS"
"TA","CAB02","2022-04-17","IN6174_BRG0003","CUST55618",9,"DUS",5780.7,"IDR","BRND009","Company","APOTEK SAHABAT","CAB07","Padang","Z32","Apotek","BRG0003","P","AMPICILLIN","ZPJ1","Produk jadi",210,"MARCKS","BOTOL"
"EPM","CAB03","2022-04-18","IN6237_BRG0004","CUST55619",10,"DUS",6940.3,"IDR","BRND010","Company","KLINIK DR. ANDRI","CAB08","Lampung","Z31","Klinik","BRG0004","P","TRAMADOL KAPSUL 50 MG","ZPJ1","Produk jadi",201,"VNS","KAPSUL"
"TD","CAB04","2022-04-19","IN6021_BRG0001","CUST55620",7,"DUS",1169.91,"IDR","BRND001","Company","APOTEK TAPAK","CAB01","Aceh","Z32","Apotek","BRG0001","P","ACYCLOVIR DUS","ZPJ1","Produk jadi",206,"OGB & PH","DUS"
"TA","CAB05","2022-04-20","IN6056_BRG0002","CUST55621",100,"DUS",2337.5,"IDR","BRND002","Company","APOTEK MAJA","CAB02","Kuningan","Z32","Apotek","BRG0002","P","ALERGINE TABLET SALUT","ZPJ1","Produk jadi",203,"ETIKAL","DUS"
"EPM","CAB06","2022-04-21","IN5983_BRG0003","CUST55622",67,"DUS",10690.6,"IDR","BRND003","Company","KLINIK GM","CAB03","Jakarta","Z31","Klinik","BRG0003","P","AMPICILLIN","ZPJ1","Produk jadi",210,"MARCKS","BOTOL"
"TD","CAB07","2022-04-22","IN6139_BRG0004","CUST55623",78,"DUS",8700.7,"IDR","BRND004","Company","APOTEK MERDEKA","CAB04","Bandung","Z32","Apotek","BRG0004","P","TRAMADOL KAPSUL 50 MG","ZPJ1","Produk jadi",201,"VNS","KAPSUL"
"TD","CAB08","2022-04-23","IN6126_BRG0005","CUST55624",45,"DUS",5648.3,"IDR","BRND005","Company","KLINIK SAHABAT","CAB05","Tangerang","Z31","Klinik","BRG0005","P","KLORPROMAZINA TABLET SALUT SELAPUT 100 MG","ZPJ1","Produk jadi",203,"SLCYL","TABLET"
"TA","CAB09","2022-04-24","IN6127_BRG0006","CUST55625",34,"DUS",2819.2,"IDR","BRND006","Company","APOTEK SINAR JAYA","CAB06","Bekasi","Z32","Apotek","BRG0006","P","KETOCONAZOLE TABLET 200 MG","ZPJ1","Produk jadi",205,"OGB & PH","TABLET"
"EPM","CAB10","2022-04-25","IN6035_BRG0007","CUST55626",20,"DUS",4592.1,"IDR","BRND007","Company","APOTEK SAHABAT","CAB07","Padang","Z32","Apotek","BRG0007","P","ERGOTAMINE COFFEINE","ZPJ1","Produk jadi",206,"ETIKAL","BOTOL"
"TD","CAB01","2022-04-26","IN6309_BRG0008","CUST55627",45,"DUS",3991.9,"IDR","BRND008","Company","APOTEK TAPAK","CAB01","Aceh","Z32","Apotek","BRG0008","P","TETRACYCLINE KAPSUL 250 MG","ZPJ1","Produk jadi",204,"MARCKS","KAPSUL"
"TA","CAB01","2022-04-27","IN6073_BRG0009","CUST55628",34,"DUS",5780.7,"IDR","BRND009","Company","APOTEK MAJA","CAB02","Kuningan","Z32","Apotek","BRG0009","P","AMBROXOL HC","ZPJ1","Produk jadi",207,"VNS","BOTOL"
"EPM","CAB02","2022-04-28","IN6277_BRG0010","CUST55629",34,"DUS",6940.3,"IDR","BRND010","Company","KLINIK GM","CAB03","Jakarta","Z31","Klinik","BRG0010","P","PARACETAMOL","ZPJ1","Produk jadi",208,"SLCYL","BOTOL"
"TD","CAB03","2022-04-29","IN6197_BRG0001","CUST55630",34,"DUS",1169.91,"IDR","BRND001","Company","APOTEK MERDEKA","CAB04","Bandung","Z32","Apotek","BRG0001","P","ACYCLOVIR DUS","ZPJ1","Produk jadi",206,"OGB & PH","DUS"
"TA","CAB01","2022-04-30","IN6225_BRG0002","CUST55631",44,"DUS",2337.5,"IDR","BRND002","Company","KLINIK SAHABAT","CAB05","Tangerang","Z31","Klinik","BRG0002","P","ALERGINE TABLET SALUT","ZPJ1","Produk jadi",203,"ETIKAL","DUS"
"EPM","CAB01","2022-05-01","IN5999_BRG0003","CUST55632",5,"DUS",10690.6,"IDR","BRND003","Company","APOTEK SINAR JAYA","CAB06","Bekasi","Z32","Apotek","BRG0003","P","AMPICILLIN","ZPJ1","Produk jadi",210,"MARCKS","BOTOL"
"TD","CAB02","2022-05-02","IN6223_BRG0004","CUST55633",6,"DUS",8700.7,"IDR","BRND004","Company","APOTEK SAHABAT","CAB07","Padang","Z32","Apotek","BRG0004","P","TRAMADOL KAPSUL 50 MG","ZPJ1","Produk jadi",201,"VNS","KAPSUL"
"TD","CAB03","2022-05-03","IN6273_BRG0005","CUST55634",79,"DUS",5648.3,"IDR","BRND005","Company","KLINIK DR. ANDRI","CAB08","Lampung","Z31","Klinik","BRG0005","P","KLORPROMAZINA TABLET SALUT SELAPUT 100 MG","ZPJ1","Produk jadi",203,"SLCYL","TABLET"
"TA","CAB04","2022-04-26","IN6047_BRG0006","CUST55635",12,"DUS",2819.2,"IDR","BRND006","Company","APOTEK TAPAK","CAB01","Aceh","Z32","Apotek","BRG0006","P","KETOCONAZOLE TABLET 200 MG","ZPJ1","Produk jadi",205,"OGB & PH","TABLET"
"EPM","CAB05","2022-04-27","IN6071_BRG0007","CUST55636",95,"DUS",4592.1,"IDR","BRND007","Company","APOTEK MAJA","CAB02","Kuningan","Z32","Apotek","BRG0007","P","ERGOTAMINE COFFEINE","ZPJ1","Produk jadi",206,"ETIKAL","BOTOL"
"TD","CAB06","2022-04-28","IN6009_BRG0008","CUST55637",76,"DUS",3991.9,"IDR","BRND008","Company","KLINIK GM","CAB03","Jakarta","Z31","Klinik","BRG0008","P","TETRACYCLINE KAPSUL 250 MG","ZPJ1","Produk jadi",204,"MARCKS","KAPSUL"
"TA","CAB07","2022-04-16","IN6075_BRG0009","CUST55638",48,"DUS",5780.7,"IDR","BRND009","Company","APOTEK MERDEKA","CAB04","Bandung","Z32","Apotek","BRG0009","P","AMBROXOL HC","ZPJ1","Produk jadi",207,"VNS","BOTOL"
"EPM","CAB08","2022-04-17","IN6218_BRG0010","CUST55639",21,"DUS",6940.3,"IDR","BRND010","Company","KLINIK SAHABAT","CAB05","Tangerang","Z31","Klinik","BRG0010","P","PARACETAMOL","ZPJ1","Produk jadi",208,"SLCYL","BOTOL"
"TD","CAB09","2022-04-18","IN5985_BRG0001","CUST55640",22,"DUS",1169.91,"IDR","BRND001","Company","APOTEK SINAR JAYA","CAB06","Bekasi","Z32","Apotek","BRG0001","P","ACYCLOVIR DUS","ZPJ1","Produk jadi",206,"OGB & PH","DUS"
"TA","CAB10","2022-04-19","IN6154_BRG0002","CUST55641",12,"DUS",2337.5,"IDR","BRND002","Company","APOTEK SAHABAT","CAB07","Padang","Z32","Apotek","BRG0002","P","ALERGINE TABLET SALUT","ZPJ1","Produk jadi",203,"ETIKAL","DUS"
"EPM","CAB01","2022-04-20","IN6145_BRG0003","CUST55642",25,"DUS",10690.6,"IDR","BRND003","Company","APOTEK TAPAK","CAB01","Aceh","Z32","Apotek","BRG0003","P","AMPICILLIN","ZPJ1","Produk jadi",210,"MARCKS","BOTOL"
"TD","CAB01","2022-04-21","IN6315_BRG0004","CUST55643",14,"DUS",8700.7,"IDR","BRND004","Company","APOTEK MAJA","CAB02","Kuningan","Z32","Apotek","BRG0004","P","TRAMADOL KAPSUL 50 MG","ZPJ1","Produk jadi",201,"VNS","KAPSUL"
"TD","CAB02","2022-05-13","IN6168_BRG0005","CUST55644",24,"DUS",5648.3,"IDR","BRND005","Company","KLINIK GM","CAB03","Jakarta","Z31","Klinik","BRG0005","P","KLORPROMAZINA TABLET SALUT SELAPUT 100 MG","ZPJ1","Produk jadi",203,"SLCYL","TABLET"
"TA","CAB03","2022-05-14","IN6192_BRG0006","CUST55645",10,"DUS",2819.2,"IDR","BRND006","Company","APOTEK MERDEKA","CAB04","Bandung","Z32","Apotek","BRG0006","P","KETOCONAZOLE TABLET 200 MG","ZPJ1","Produk jadi",205,"OGB & PH","TABLET"
"EPM","CAB01","2022-05-15","IN6285_BRG0001","CUST55646",130,"DUS",4592.1,"IDR","BRND007","Company","KLINIK SAHABAT","CAB05","Tangerang","Z31","Klinik","BRG0001","P","ACYCLOVIR DUS","ZPJ1","Produk jadi",206,"OGB & PH","DUS"
"TD","CAB01","2022-05-16","IN6077_BRG0002","CUST55647",12,"DUS",3991.9,"IDR","BRND008","Company","APOTEK SINAR JAYA","CAB06","Bekasi","Z32","Apotek","BRG0002","P","ALERGINE TABLET SALUT","ZPJ1","Produk jadi",203,"ETIKAL","DUS"
"TA","CAB02","2022-05-17","IN6057_BRG0003","CUST55648",10,"DUS",5780.7,"IDR","BRND009","Company","APOTEK SAHABAT","CAB07","Padang","Z32","Apotek","BRG0003","P","AMPICILLIN","ZPJ1","Produk jadi",210,"MARCKS","BOTOL"
"EPM","CAB03","2022-05-18","IN6252_BRG0004","CUST55649",67,"DUS",6940.3,"IDR","BRND010","Company","KLINIK DR. ANDRI","CAB08","Lampung","Z31","Klinik","BRG0004","P","TRAMADOL KAPSUL 50 MG","ZPJ1","Produk jadi",201,"VNS","KAPSUL"
"TD","CAB04","2022-05-19","IN6272_BRG0001","CUST55650",98,"DUS",1169.91,"IDR","BRND001","Company","APOTEK TAPAK","CAB01","Aceh","Z32","Apotek","BRG0001","P","ACYCLOVIR DUS","ZPJ1","Produk jadi",206,"OGB & PH","DUS"
"TD","CAB05","2022-05-20","IN6150_BRG0002","CUST55651",5,"DUS",2337.5,"IDR","BRND002","Company","APOTEK MAJA","CAB02","Kuningan","Z32","Apotek","BRG0002","P","ALERGINE TABLET SALUT","ZPJ1","Produk jadi",203,"ETIKAL","DUS"
"TA","CAB06","2022-05-21","IN6298_BRG0003","CUST55652",4,"DUS",10690.6,"IDR","BRND003","Company","KLINIK GM","CAB03","Jakarta","Z31","Klinik","BRG0003","P","AMPICILLIN","ZPJ1","Produk jadi",210,"MARCKS","BOTOL"
"EPM","CAB07","2022-05-22","IN6295_BRG0004","CUST55653",8,"DUS",8700.7,"IDR","BRND004","Company","APOTEK MERDEKA","CAB04","Bandung","Z32","Apotek","BRG0004","P","TRAMADOL KAPSUL 50 MG","ZPJ1","Produk jadi",201,"VNS","KAPSUL"
"TD","CAB08","2022-05-23","IN6022_BRG0005","CUST55654",9,"DUS",5648.3,"IDR","BRND005","Company","KLINIK SAHABAT","CAB05","Tangerang","Z31","Klinik","BRG0005","P","KLORPROMAZINA TABLET SALUT SELAPUT 100 MG","ZPJ1","Produk jadi",203,"SLCYL","TABLET"
"TA","CAB09","2022-05-24","IN6090_BRG0006","CUST55655",21,"DUS",2819.2,"IDR","BRND006","Company","APOTEK SINAR JAYA","CAB06","Bekasi","Z32","Apotek","BRG0006","P","KETOCONAZOLE TABLET 200 MG","ZPJ1","Produk jadi",205,"OGB & PH","TABLET"
"EPM","CAB10","2022-05-25","IN5996_BRG0007","CUST55656",22,"DUS",4592.1,"IDR","BRND007","Company","APOTEK SAHABAT","CAB07","Padang","Z32","Apotek","BRG0007","P","ERGOTAMINE COFFEINE","ZPJ1","Produk jadi",206,"ETIKAL","BOTOL"
"TD","CAB01","2022-05-26","IN6111_BRG0008","CUST55657",12,"DUS",3991.9,"IDR","BRND008","Company","APOTEK TAPAK","CAB01","Aceh","Z32","Apotek","BRG0008","P","TETRACYCLINE KAPSUL 250 MG","ZPJ1","Produk jadi",204,"MARCKS","KAPSUL"
"TA","CAB01","2022-04-18","IN6194_BRG0009","CUST55658",25,"DUS",5780.7,"IDR","BRND009","Company","APOTEK MAJA","CAB02","Kuningan","Z32","Apotek","BRG0009","P","AMBROXOL HC","ZPJ1","Produk jadi",207,"VNS","BOTOL"
"EPM","CAB02","2022-04-19","IN5987_BRG0010","CUST55659",14,"DUS",6940.3,"IDR","BRND010","Company","KLINIK GM","CAB03","Jakarta","Z31","Klinik","BRG0010","P","PARACETAMOL","ZPJ1","Produk jadi",208,"SLCYL","BOTOL"
"TD","CAB03","2022-04-20","IN6313_BRG0001","CUST55660",24,"DUS",1169.91,"IDR","BRND001","Company","APOTEK MERDEKA","CAB04","Bandung","Z32","Apotek","BRG0001","P","ACYCLOVIR DUS","ZPJ1","Produk jadi",206,"OGB & PH","DUS"
"TD","CAB01","2022-04-18","IN6138_BRG0002","CUST55661",10,"DUS",2337.5,"IDR","BRND002","Company","KLINIK SAHABAT","CAB05","Tangerang","Z31","Klinik","BRG0002","P","ALERGINE TABLET SALUT","ZPJ1","Produk jadi",203,"ETIKAL","DUS"
"TA","CAB01","2022-04-19","IN6316_BRG0003","CUST55662",120,"DUS",10690.6,"IDR","BRND003","Company","APOTEK SINAR JAYA","CAB06","Bekasi","Z32","Apotek","BRG0003","P","AMPICILLIN","ZPJ1","Produk jadi",210,"MARCKS","BOTOL"
"EPM","CAB02","2022-04-20","IN6019_BRG0004","CUST55663",12,"DUS",8700.7,"IDR","BRND004","Company","APOTEK SAHABAT","CAB07","Padang","Z32","Apotek","BRG0004","P","TRAMADOL KAPSUL 50 MG","ZPJ1","Produk jadi",201,"VNS","KAPSUL"
"TD","CAB03","2022-05-19","IN6283_BRG0005","CUST55664",10,"DUS",5648.3,"IDR","BRND005","Company","KLINIK DR. ANDRI","CAB08","Lampung","Z31","Klinik","BRG0005","P","KLORPROMAZINA TABLET SALUT SELAPUT 100 MG","ZPJ1","Produk jadi",203,"SLCYL","TABLET"
"TA","CAB04","2022-05-20","IN6169_BRG0006","CUST55665",67,"DUS",2819.2,"IDR","BRND006","Company","APOTEK TAPAK","CAB01","Aceh","Z32","Apotek","BRG0006","P","KETOCONAZOLE TABLET 200 MG","ZPJ1","Produk jadi",205,"OGB & PH","TABLET"
"EPM","CAB05","2022-05-21","IN6121_BRG0007","CUST55666",98,"DUS",4592.1,"IDR","BRND007","Company","APOTEK MAJA","CAB02","Kuningan","Z32","Apotek","BRG0007","P","ERGOTAMINE COFFEINE","ZPJ1","Produk jadi",206,"ETIKAL","BOTOL"
"TD","CAB06","2022-05-22","IN6117_BRG0008","CUST55667",5,"DUS",3991.9,"IDR","BRND008","Company","KLINIK GM","CAB03","Jakarta","Z31","Klinik","BRG0008","P","TETRACYCLINE KAPSUL 250 MG","ZPJ1","Produk jadi",204,"MARCKS","KAPSUL"
"TA","CAB07","2022-05-23","IN6201_BRG0009","CUST55668",4,"DUS",5780.7,"IDR","BRND009","Company","APOTEK MERDEKA","CAB04","Bandung","Z32","Apotek","BRG0009","P","AMBROXOL HC","ZPJ1","Produk jadi",207,"VNS","BOTOL"
"EPM","CAB08","2022-05-24","IN6179_BRG0010","CUST55669",8,"DUS",6940.3,"IDR","BRND010","Company","KLINIK SAHABAT","CAB05","Tangerang","Z31","Klinik","BRG0010","P","PARACETAMOL","ZPJ1","Produk jadi",208,"SLCYL","BOTOL"
"TD","CAB09","2022-05-25","IN5978_BRG0001","CUST55670",9,"DUS",1169.91,"IDR","BRND001","Company","APOTEK SINAR JAYA","CAB06","Bekasi","Z32","Apotek","BRG0001","P","ACYCLOVIR DUS","ZPJ1","Produk jadi",206,"OGB & PH","DUS"
"TD","CAB10","2022-05-26","IN5993_BRG0002","CUST55671",1,"DUS",2337.5,"IDR","BRND002","Company","APOTEK SAHABAT","CAB07","Padang","Z32","Apotek","BRG0002","P","ALERGINE TABLET SALUT","ZPJ1","Produk jadi",203,"ETIKAL","DUS"
"TA","CAB01","2022-05-27","IN6160_BRG0003","CUST55672",5,"DUS",10690.6,"IDR","BRND003","Company","APOTEK TAPAK","CAB01","Aceh","Z32","Apotek","BRG0003","P","AMPICILLIN","ZPJ1","Produk jadi",210,"MARCKS","BOTOL"
"EPM","CAB01","2022-05-28","IN6282_BRG0004","CUST55673",9,"DUS",8700.7,"IDR","BRND004","Company","APOTEK MAJA","CAB02","Kuningan","Z32","Apotek","BRG0004","P","TRAMADOL KAPSUL 50 MG","ZPJ1","Produk jadi",201,"VNS","KAPSUL"
"TD","CAB02","2022-05-29","IN6093_BRG0005","CUST55674",13,"DUS",5648.3,"IDR","BRND005","Company","KLINIK GM","CAB03","Jakarta","Z31","Klinik","BRG0005","P","KLORPROMAZINA TABLET SALUT SELAPUT 100 MG","ZPJ1","Produk jadi",203,"SLCYL","TABLET"
"TA","CAB03","2022-05-30","IN6166_BRG0006","CUST55675",1,"DUS",2819.2,"IDR","BRND006","Company","APOTEK MERDEKA","CAB04","Bandung","Z32","Apotek","BRG0006","P","KETOCONAZOLE TABLET 200 MG","ZPJ1","Produk jadi",205,"OGB & PH","TABLET"
"EPM","CAB01","2022-05-31","IN6010_BRG0001","CUST55676",5,"DUS",4592.1,"IDR","BRND007","Company","KLINIK SAHABAT","CAB05","Tangerang","Z31","Klinik","BRG0001","P","ACYCLOVIR DUS","ZPJ1","Produk jadi",206,"OGB & PH","DUS"
"TD","CAB01","2022-06-01","IN6100_BRG0002","CUST55677",9,"DUS",3991.9,"IDR","BRND008","Company","APOTEK SINAR JAYA","CAB06","Bekasi","Z32","Apotek","BRG0002","P","ALERGINE TABLET SALUT","ZPJ1","Produk jadi",203,"ETIKAL","DUS"
"TD","CAB02","2022-06-02","IN6222_BRG0003","CUST55678",1,"DUS",5780.7,"IDR","BRND009","Company","APOTEK SAHABAT","CAB07","Padang","Z32","Apotek","BRG0003","P","AMPICILLIN","ZPJ1","Produk jadi",210,"MARCKS","BOTOL"
"TA","CAB03","2022-06-03","IN6032_BRG0004","CUST55679",23,"DUS",6940.3,"IDR","BRND010","Company","KLINIK DR. ANDRI","CAB08","Lampung","Z31","Klinik","BRG0004","P","TRAMADOL KAPSUL 50 MG","ZPJ1","Produk jadi",201,"VNS","KAPSUL"
"EPM","CAB04","2022-06-04","IN6198_BRG0001","CUST55680",4,"DUS",1169.91,"IDR","BRND001","Company","APOTEK TAPAK","CAB01","Aceh","Z32","Apotek","BRG0001","P","ACYCLOVIR DUS","ZPJ1","Produk jadi",206,"OGB & PH","DUS"
"TD","CAB05","2022-06-05","IN6212_BRG0002","CUST55681",2,"DUS",2337.5,"IDR","BRND002","Company","APOTEK MAJA","CAB02","Kuningan","Z32","Apotek","BRG0002","P","ALERGINE TABLET SALUT","ZPJ1","Produk jadi",203,"ETIKAL","DUS"
"TA","CAB06","2022-06-06","IN6288_BRG0003","CUST55682",17,"DUS",10690.6,"IDR","BRND003","Company","KLINIK GM","CAB03","Jakarta","Z31","Klinik","BRG0003","P","AMPICILLIN","ZPJ1","Produk jadi",210,"MARCKS","BOTOL"
"EPM","CAB07","2022-06-07","IN6059_BRG0004","CUST55683",11,"DUS",8700.7,"IDR","BRND004","Company","APOTEK MERDEKA","CAB04","Bandung","Z32","Apotek","BRG0004","P","TRAMADOL KAPSUL 50 MG","ZPJ1","Produk jadi",201,"VNS","KAPSUL"
"TD","CAB08","2022-06-08","IN6236_BRG0005","CUST55684",12,"DUS",5648.3,"IDR","BRND005","Company","KLINIK SAHABAT","CAB05","Tangerang","Z31","Klinik","BRG0005","P","KLORPROMAZINA TABLET SALUT SELAPUT 100 MG","ZPJ1","Produk jadi",203,"SLCYL","TABLET"
"TA","CAB09","2022-06-09","IN6296_BRG0006","CUST55685",12,"DUS",2819.2,"IDR","BRND006","Company","APOTEK SINAR JAYA","CAB06","Bekasi","Z32","Apotek","BRG0006","P","KETOCONAZOLE TABLET 200 MG","ZPJ1","Produk jadi",205,"OGB & PH","TABLET"
"EPM","CAB10","2022-06-10","IN6324_BRG0007","CUST55686",25,"DUS",4592.1,"IDR","BRND007","Company","APOTEK SAHABAT","CAB07","Padang","Z32","Apotek","BRG0007","P","ERGOTAMINE COFFEINE","ZPJ1","Produk jadi",206,"ETIKAL","BOTOL"
"TD","CAB01","2022-06-11","IN6091_BRG0008","CUST55687",14,"DUS",3991.9,"IDR","BRND008","Company","APOTEK TAPAK","CAB01","Aceh","Z32","Apotek","BRG0008","P","TETRACYCLINE KAPSUL 250 MG","ZPJ1","Produk jadi",204,"MARCKS","KAPSUL"
"TD","CAB01","2022-06-12","IN6033_BRG0009","CUST55688",34,"DUS",5780.7,"IDR","BRND009","Company","APOTEK MAJA","CAB02","Kuningan","Z32","Apotek","BRG0009","P","AMBROXOL HC","ZPJ1","Produk jadi",207,"VNS","BOTOL"
"TA","CAB02","2022-06-13","IN6159_BRG0010","CUST55689",67,"DUS",6940.3,"IDR","BRND010","Company","KLINIK GM","CAB03","Jakarta","Z31","Klinik","BRG0010","P","PARACETAMOL","ZPJ1","Produk jadi",208,"SLCYL","BOTOL"
"EPM","CAB03","2022-06-14","IN6264_BRG0001","CUST55690",15,"DUS",1169.91,"IDR","BRND001","Company","APOTEK MERDEKA","CAB04","Bandung","Z32","Apotek","BRG0001","P","ACYCLOVIR DUS","ZPJ1","Produk jadi",206,"OGB & PH","DUS"
"TD","CAB01","2022-06-15","IN6046_BRG0002","CUST55691",12,"DUS",2337.5,"IDR","BRND002","Company","KLINIK SAHABAT","CAB05","Tangerang","Z31","Klinik","BRG0002","P","ALERGINE TABLET SALUT","ZPJ1","Produk jadi",203,"ETIKAL","DUS"
"TA","CAB01","2022-06-16","IN6268_BRG0003","CUST55692",25,"DUS",10690.6,"IDR","BRND003","Company","APOTEK SINAR JAYA","CAB06","Bekasi","Z32","Apotek","BRG0003","P","AMPICILLIN","ZPJ1","Produk jadi",210,"MARCKS","BOTOL"
"EPM","CAB02","2022-04-30","IN6310_BRG0004","CUST55693",14,"DUS",8700.7,"IDR","BRND004","Company","APOTEK SAHABAT","CAB07","Padang","Z32","Apotek","BRG0004","P","TRAMADOL KAPSUL 50 MG","ZPJ1","Produk jadi",201,"VNS","KAPSUL"
"TD","CAB03","2022-05-01","IN6044_BRG0005","CUST55694",18,"DUS",5648.3,"IDR","BRND005","Company","KLINIK DR. ANDRI","CAB08","Lampung","Z31","Klinik","BRG0005","P","KLORPROMAZINA TABLET SALUT SELAPUT 100 MG","ZPJ1","Produk jadi",203,"SLCYL","TABLET"
"TA","CAB04","2022-05-02","IN6178_BRG0006","CUST55695",18,"DUS",2819.2,"IDR","BRND006","Company","APOTEK TAPAK","CAB01","Aceh","Z32","Apotek","BRG0006","P","KETOCONAZOLE TABLET 200 MG","ZPJ1","Produk jadi",205,"OGB & PH","TABLET"
"EPM","CAB05","2022-05-03","IN6270_BRG0007","CUST55696",19,"DUS",4592.1,"IDR","BRND007","Company","APOTEK MAJA","CAB02","Kuningan","Z32","Apotek","BRG0007","P","ERGOTAMINE COFFEINE","ZPJ1","Produk jadi",206,"ETIKAL","BOTOL"
"TD","CAB06","2022-06-16","IN6123_BRG0008","CUST55697",12,"DUS",3991.9,"IDR","BRND008","Company","KLINIK GM","CAB03","Jakarta","Z31","Klinik","BRG0008","P","TETRACYCLINE KAPSUL 250 MG","ZPJ1","Produk jadi",204,"MARCKS","KAPSUL"
"TD","CAB07","2022-04-30","IN6265_BRG0009","CUST55698",25,"DUS",5780.7,"IDR","BRND009","Company","APOTEK MERDEKA","CAB04","Bandung","Z32","Apotek","BRG0009","P","AMBROXOL HC","ZPJ1","Produk jadi",207,"VNS","BOTOL"
"TA","CAB08","2022-05-01","IN6158_BRG0010","CUST55699",14,"DUS",6940.3,"IDR","BRND010","Company","KLINIK SAHABAT","CAB05","Tangerang","Z31","Klinik","BRG0010","P","PARACETAMOL","ZPJ1","Produk jadi",208,"SLCYL","BOTOL"
"EPM","CAB09","2022-05-02","IN6105_BRG0001","CUST55700",21,"DUS",1169.91,"IDR","BRND001","Company","APOTEK SINAR JAYA","CAB06","Bekasi","Z32","Apotek","BRG0001","P","ACYCLOVIR DUS","ZPJ1","Produk jadi",206,"OGB & PH","DUS"
"TD","CAB10","2022-05-03","IN6213_BRG0002","CUST55701",22,"DUS",2337.5,"IDR","BRND002","Company","APOTEK SAHABAT","CAB07","Padang","Z32","Apotek","BRG0002","P","ALERGINE TABLET SALUT","ZPJ1","Produk jadi",203,"ETIKAL","DUS"
"TA","CAB01","2022-06-16","IN6109_BRG0003","CUST55702",12,"DUS",10690.6,"IDR","BRND003","Company","APOTEK TAPAK","CAB01","Aceh","Z32","Apotek","BRG0003","P","AMPICILLIN","ZPJ1","Produk jadi",210,"MARCKS","BOTOL"
"EPM","CAB01","2022-04-30","IN6249_BRG0004","CUST55703",25,"DUS",8700.7,"IDR","BRND004","Company","APOTEK MAJA","CAB02","Kuningan","Z32","Apotek","BRG0004","P","TRAMADOL KAPSUL 50 MG","ZPJ1","Produk jadi",201,"VNS","KAPSUL"
"TD","CAB02","2022-05-01","IN6067_BRG0005","CUST55704",14,"DUS",5648.3,"IDR","BRND005","Company","KLINIK GM","CAB03","Jakarta","Z31","Klinik","BRG0005","P","KLORPROMAZINA TABLET SALUT SELAPUT 100 MG","ZPJ1","Produk jadi",203,"SLCYL","TABLET"
"TD","CAB03","2022-05-02","IN6143_BRG0006","CUST55705",24,"DUS",2819.2,"IDR","BRND006","Company","APOTEK MERDEKA","CAB04","Bandung","Z32","Apotek","BRG0006","P","KETOCONAZOLE TABLET 200 MG","ZPJ1","Produk jadi",205,"OGB & PH","TABLET"
"TA","CAB01","2022-05-03","IN5990_BRG0001","CUST55706",10,"DUS",4592.1,"IDR","BRND007","Company","KLINIK SAHABAT","CAB05","Tangerang","Z31","Klinik","BRG0001","P","ACYCLOVIR DUS","ZPJ1","Produk jadi",206,"OGB & PH","DUS"
"EPM","CAB01","2022-06-16","IN5992_BRG0002","CUST55707",23,"DUS",3991.9,"IDR","BRND008","Company","APOTEK SINAR JAYA","CAB06","Bekasi","Z32","Apotek","BRG0002","P","ALERGINE TABLET SALUT","ZPJ1","Produk jadi",203,"ETIKAL","DUS"
"TD","CAB02","2022-04-30","IN6132_BRG0003","CUST55708",12,"DUS",5780.7,"IDR","BRND009","Company","APOTEK SAHABAT","CAB07","Padang","Z32","Apotek","BRG0003","P","AMPICILLIN","ZPJ1","Produk jadi",210,"MARCKS","BOTOL"
"TA","CAB03","2022-05-01","IN6030_BRG0004","CUST55709",10,"DUS",6940.3,"IDR","BRND010","Company","KLINIK DR. ANDRI","CAB08","Lampung","Z31","Klinik","BRG0004","P","TRAMADOL KAPSUL 50 MG","ZPJ1","Produk jadi",201,"VNS","KAPSUL"
"EPM","CAB04","2022-05-02","IN6094_BRG0001","CUST55710",67,"DUS",1169.91,"IDR","BRND001","Company","APOTEK TAPAK","CAB01","Aceh","Z32","Apotek","BRG0001","P","ACYCLOVIR DUS","ZPJ1","Produk jadi",206,"OGB & PH","DUS"
"TD","CAB05","2022-05-03","IN6294_BRG0002","CUST55711",98,"DUS",2337.5,"IDR","BRND002","Company","APOTEK MAJA","CAB02","Kuningan","Z32","Apotek","BRG0002","P","ALERGINE TABLET SALUT","ZPJ1","Produk jadi",203,"ETIKAL","DUS"
"TA","CAB06","2022-06-16","IN6012_BRG0003","CUST55712",5,"DUS",10690.6,"IDR","BRND003","Company","KLINIK GM","CAB03","Jakarta","Z31","Klinik","BRG0003","P","AMPICILLIN","ZPJ1","Produk jadi",210,"MARCKS","BOTOL"
"EPM","CAB07","2022-04-30","IN6106_BRG0004","CUST55713",4,"DUS",8700.7,"IDR","BRND004","Company","APOTEK MERDEKA","CAB04","Bandung","Z32","Apotek","BRG0004","P","TRAMADOL KAPSUL 50 MG","ZPJ1","Produk jadi",201,"VNS","KAPSUL"
"TD","CAB08","2022-05-01","IN5984_BRG0005","CUST55714",8,"DUS",5648.3,"IDR","BRND005","Company","KLINIK SAHABAT","CAB05","Tangerang","Z31","Klinik","BRG0005","P","KLORPROMAZINA TABLET SALUT SELAPUT 100 MG","ZPJ1","Produk jadi",203,"SLCYL","TABLET"
"TD","CAB09","2022-05-02","IN6007_BRG0006","CUST55715",9,"DUS",2819.2,"IDR","BRND006","Company","APOTEK SINAR JAYA","CAB06","Bekasi","Z32","Apotek","BRG0006","P","KETOCONAZOLE TABLET 200 MG","ZPJ1","Produk jadi",205,"OGB & PH","TABLET"
"TA","CAB10","2022-05-03","IN6115_BRG0007","CUST55716",10,"DUS",4592.1,"IDR","BRND007","Company","APOTEK SAHABAT","CAB07","Padang","Z32","Apotek","BRG0007","P","ERGOTAMINE COFFEINE","ZPJ1","Produk jadi",206,"ETIKAL","BOTOL"
"EPM","CAB01","2022-06-16","IN6000_BRG0008","CUST55717",7,"DUS",3991.9,"IDR","BRND008","Company","APOTEK TAPAK","CAB01","Aceh","Z32","Apotek","BRG0008","P","TETRACYCLINE KAPSUL 250 MG","ZPJ1","Produk jadi",204,"MARCKS","KAPSUL"
"TD","CAB01","2022-04-30","IN6097_BRG0009","CUST55718",100,"DUS",5780.7,"IDR","BRND009","Company","APOTEK MAJA","CAB02","Kuningan","Z32","Apotek","BRG0009","P","AMBROXOL HC","ZPJ1","Produk jadi",207,"VNS","BOTOL"
"TA","CAB02","2022-05-01","IN5989_BRG0010","CUST55719",67,"DUS",6940.3,"IDR","BRND010","Company","KLINIK GM","CAB03","Jakarta","Z31","Klinik","BRG0010","P","PARACETAMOL","ZPJ1","Produk jadi",208,"SLCYL","BOTOL"
"EPM","CAB03","2022-05-02","IN6151_BRG0001","CUST55720",78,"DUS",1169.91,"IDR","BRND001","Company","APOTEK MERDEKA","CAB04","Bandung","Z32","Apotek","BRG0001","P","ACYCLOVIR DUS","ZPJ1","Produk jadi",206,"OGB & PH","DUS"
"TD","CAB01","2022-05-03","IN6037_BRG0002","CUST55721",45,"DUS",2337.5,"IDR","BRND002","Company","KLINIK SAHABAT","CAB05","Tangerang","Z31","Klinik","BRG0002","P","ALERGINE TABLET SALUT","ZPJ1","Produk jadi",203,"ETIKAL","DUS"
"TA","CAB01","2022-06-16","IN6165_BRG0003","CUST55722",34,"DUS",10690.6,"IDR","BRND003","Company","APOTEK SINAR JAYA","CAB06","Bekasi","Z32","Apotek","BRG0003","P","AMPICILLIN","ZPJ1","Produk jadi",210,"MARCKS","BOTOL"
"EPM","CAB02","2022-04-30","IN6101_BRG0004","CUST55723",20,"DUS",8700.7,"IDR","BRND004","Company","APOTEK SAHABAT","CAB07","Padang","Z32","Apotek","BRG0004","P","TRAMADOL KAPSUL 50 MG","ZPJ1","Produk jadi",201,"VNS","KAPSUL"
"TD","CAB03","2022-05-01","IN6142_BRG0005","CUST55724",45,"DUS",5648.3,"IDR","BRND005","Company","KLINIK DR. ANDRI","CAB08","Lampung","Z31","Klinik","BRG0005","P","KLORPROMAZINA TABLET SALUT SELAPUT 100 MG","ZPJ1","Produk jadi",203,"SLCYL","TABLET"
"TD","CAB04","2022-05-02","IN6312_BRG0006","CUST55725",34,"DUS",2819.2,"IDR","BRND006","Company","APOTEK TAPAK","CAB01","Aceh","Z32","Apotek","BRG0006","P","KETOCONAZOLE TABLET 200 MG","ZPJ1","Produk jadi",205,"OGB & PH","TABLET"
"TA","CAB05","2022-05-03","IN6112_BRG0007","CUST55726",34,"DUS",4592.1,"IDR","BRND007","Company","APOTEK MAJA","CAB02","Kuningan","Z32","Apotek","BRG0007","P","ERGOTAMINE COFFEINE","ZPJ1","Produk jadi",206,"ETIKAL","BOTOL"
"EPM","CAB06","2022-06-16","IN6204_BRG0008","CUST55727",34,"DUS",3991.9,"IDR","BRND008","Company","KLINIK GM","CAB03","Jakarta","Z31","Klinik","BRG0008","P","TETRACYCLINE KAPSUL 250 MG","ZPJ1","Produk jadi",204,"MARCKS","KAPSUL"
"TD","CAB07","2022-04-30","IN6304_BRG0009","CUST55728",44,"DUS",5780.7,"IDR","BRND009","Company","APOTEK MERDEKA","CAB04","Bandung","Z32","Apotek","BRG0009","P","AMBROXOL HC","ZPJ1","Produk jadi",207,"VNS","BOTOL"
"TA","CAB08","2022-05-01","IN6004_BRG0010","CUST55729",5,"DUS",6940.3,"IDR","BRND010","Company","KLINIK SAHABAT","CAB05","Tangerang","Z31","Klinik","BRG0010","P","PARACETAMOL","ZPJ1","Produk jadi",208,"SLCYL","BOTOL"
