"tanggal","id_customer","id_distributor","brand_id","brand","id_penjualan","nama_barang","kemasan","customer","id_cabang","sales_kota","harga","Total barang terjual","rata-rata harga","total_penjualan"
"2022-05-19","CUST55664","TD","BRND005","SLCYL","IN6283_BRG0005","KLORPROMAZINA TABLET SALUT SELAPUT 100 MG","TABLET","KLINIK DR. ANDRI","CAB03","Lampung",5648.3,10,5648.3,56483
"2022-02-20","CUST55562","TD","BRND003","MARCKS","IN6034_BRG0003","AMPICILLIN","BOTOL","KLINIK GM","CAB06","Jakarta",10690.6,14,10690.6,149668.4
"2022-05-03","CUST55701","TD","BRND002","ETIKAL","IN6213_BRG0002","ALERGINE TABLET SALUT","DUS","APOTEK SAHABAT","CAB10","Padang",2337.5,22,2337.5,51425
"2022-01-23","CUST55510","TA","BRND001","OGB & PH","IN6215_BRG0001","ACYCLOVIR DUS","DUS","APOTEK MERDEKA","CAB03","Bandung",1169.91,14,1169.91,16378.740000000002
"2022-05-01","CUST55699","TA","BRND010","SLCYL","IN6158_BRG0010","PARACETAMOL","BOTOL","KLINIK SAHABAT","CAB08","Tangerang",6940.3,14,6940.3,97164.2
"2022-02-23","CUST55565","EPM","BRND006","OGB & PH","IN6302_BRG0006","KETOCONAZOLE TABLET 200 MG","TABLET","APOTEK SINAR JAYA","CAB09","Bekasi",2819.2,120,2819.2,338304
"2022-01-27","CUST55418","TD","BRND009","VNS","IN6131_BRG0009","AMBROXOL HC","BOTOL","APOTEK MAJA","CAB01","Kuningan",5780.7,10,5780.7,57807
"2022-01-28","CUST55491","EPM","BRND002","ETIKAL","IN6167_BRG0002","ALERGINE TABLET SALUT","DUS","APOTEK SAHABAT","CAB10","Padang",2337.5,12,2337.5,28050
"2022-01-23","CUST55384","TD","BRND005","SLCYL","IN6280_BRG0005","KLORPROMAZINA TABLET SALUT SELAPUT 100 MG","TABLET","KLINIK SAHABAT","CAB04","Tangerang",5648.3,1,5648.3,5648.3
"2022-06-14","CUST55690","EPM","BRND001","OGB & PH","IN6264_BRG0001","ACYCLOVIR DUS","DUS","APOTEK MERDEKA","CAB03","Bandung",1169.91,15,1169.91,17548.65
"2022-05-14","CUST55645","TA","BRND006","OGB & PH","IN6192_BRG0006","KETOCONAZOLE TABLET 200 MG","TABLET","APOTEK MERDEKA","CAB03","Bandung",2819.2,10,2819.2,28192
"2022-01-22","CUST55383","EPM","BRND004","VNS","IN6144_BRG0004","TRAMADOL KAPSUL 50 MG","KAPSUL","APOTEK MERDEKA","CAB03","Bandung",8700.7,13,8700.7,113109.1
"2022-06-09","CUST55685","TA","BRND006","OGB & PH","IN6296_BRG0006","KETOCONAZOLE TABLET 200 MG","TABLET","APOTEK SINAR JAYA","CAB09","Bekasi",2819.2,12,2819.2,33830.399999999994
"2022-03-29","CUST55599","EPM","BRND010","SLCYL","IN6098_BRG0010","PARACETAMOL","BOTOL","KLINIK GM","CAB02","Jakarta",6940.3,19,6940.3,131865.7
"2022-03-03","CUST55573","TD","BRND004","VNS","IN6137_BRG0004","TRAMADOL KAPSUL 50 MG","KAPSUL","APOTEK SAHABAT","CAB02","Padang",8700.7,9,8700.7,78306.3
"2022-03-19","CUST55589","TD","BRND010","VNS","IN6081_BRG0004","TRAMADOL KAPSUL 50 MG","KAPSUL","KLINIK DR. ANDRI","CAB03","Lampung",6940.3,25,6940.3,173507.5
"2022-02-12","CUST55554","TA","BRND005","SLCYL","IN6006_BRG0005","KLORPROMAZINA TABLET SALUT SELAPUT 100 MG","TABLET","KLINIK GM","CAB02","Jakarta",5648.3,5,5648.3,28241.5
"2022-01-27","CUST55400","TD","BRND001","OGB & PH","IN6113_BRG0001","ACYCLOVIR DUS","DUS","APOTEK SINAR JAYA","CAB09","Bekasi",1169.91,12,1169.91,14038.920000000002
"2022-01-28","CUST55413","EPM","BRND004","VNS","IN6230_BRG0004","TRAMADOL KAPSUL 50 MG","KAPSUL","APOTEK MERDEKA","CAB07","Bandung",8700.7,14,8700.7,121809.80000000002
"2022-05-02","CUST55720","EPM","BRND001","OGB & PH","IN6151_BRG0001","ACYCLOVIR DUS","DUS","APOTEK MERDEKA","CAB03","Bandung",1169.91,78,1169.91,91252.98000000001
"2022-01-23","CUST55492","TD","BRND003","MARCKS","IN6289_BRG0003","AMPICILLIN","BOTOL","APOTEK TAPAK","CAB01","Aceh",10690.6,25,10690.6,267265
"2022-02-01","CUST55399","EPM","BRND010","SLCYL","IN6023_BRG0010","PARACETAMOL","BOTOL","KLINIK SAHABAT","CAB08","Tangerang",6940.3,15,6940.3,104104.5
"2022-03-30","CUST55600","TD","BRND001","OGB & PH","IN6078_BRG0001","ACYCLOVIR DUS","DUS","APOTEK MERDEKA","CAB03","Bandung",1169.91,12,1169.91,14038.920000000002
"2022-02-01","CUST55489","TD","BRND010","SLCYL","IN6291_BRG0010","PARACETAMOL","BOTOL","KLINIK SAHABAT","CAB08","Tangerang",6940.3,11,6940.3,76343.3
"2022-06-11","CUST55687","TD","BRND008","MARCKS","IN6091_BRG0008","TETRACYCLINE KAPSUL 250 MG","KAPSUL","APOTEK TAPAK","CAB01","Aceh",3991.9,14,3991.9,55886.6
"2022-01-23","CUST55528","EPM","BRND009","MARCKS","IN6202_BRG0003","AMPICILLIN","BOTOL","APOTEK SAHABAT","CAB02","Padang",5780.7,34,5780.7,196543.8
"2022-01-23","CUST55504","EPM","BRND005","SLCYL","IN6221_BRG0005","KLORPROMAZINA TABLET SALUT SELAPUT 100 MG","TABLET","KLINIK SAHABAT","CAB08","Tangerang",5648.3,25,5648.3,141207.5
"2022-06-03","CUST55679","TA","BRND010","VNS","IN6032_BRG0004","TRAMADOL KAPSUL 50 MG","KAPSUL","KLINIK DR. ANDRI","CAB03","Lampung",6940.3,23,6940.3,159626.9
"2022-01-28","CUST55497","EPM","BRND008","ETIKAL","IN6172_BRG0002","ALERGINE TABLET SALUT","DUS","APOTEK SINAR JAYA","CAB01","Bekasi",3991.9,12,3991.9,47902.8
"2022-02-26","CUST55568","EPM","BRND009","VNS","IN6275_BRG0009","AMBROXOL HC","BOTOL","APOTEK MAJA","CAB01","Kuningan",5780.7,67,5780.7,387306.89999999997
"2022-02-24","CUST55566","TD","BRND007","ETIKAL","IN6061_BRG0007","ERGOTAMINE COFFEINE","BOTOL","APOTEK SAHABAT","CAB10","Padang",4592.1,12,4592.1,55105.200000000004
"2022-05-03","CUST55711","TD","BRND002","ETIKAL","IN6294_BRG0002","ALERGINE TABLET SALUT","DUS","APOTEK MAJA","CAB05","Kuningan",2337.5,98,2337.5,229075
"2022-03-15","CUST55585","EPM","BRND006","OGB & PH","IN6177_BRG0006","KETOCONAZOLE TABLET 200 MG","TABLET","APOTEK MERDEKA","CAB03","Bandung",2819.2,17,2819.2,47926.399999999994
"2022-03-07","CUST55577","TA","BRND008","MARCKS","IN6182_BRG0008","TETRACYCLINE KAPSUL 250 MG","KAPSUL","KLINIK GM","CAB06","Jakarta",3991.9,13,3991.9,51894.700000000004
"2022-03-17","CUST55587","TA","BRND008","ETIKAL","IN6250_BRG0002","ALERGINE TABLET SALUT","DUS","APOTEK SINAR JAYA","CAB01","Bekasi",3991.9,12,3991.9,47902.8
"2022-01-30","CUST55541","EPM","BRND002","ETIKAL","IN6240_BRG0002","ALERGINE TABLET SALUT","DUS","KLINIK SAHABAT","CAB01","Tangerang",2337.5,48,2337.5,112200
"2022-01-28","CUST55467","EPM","BRND008","ETIKAL","IN6292_BRG0002","ALERGINE TABLET SALUT","DUS","APOTEK SINAR JAYA","CAB01","Bekasi",3991.9,10,3991.9,39919
"2022-05-02","CUST55633","TD","BRND004","VNS","IN6223_BRG0004","TRAMADOL KAPSUL 50 MG","KAPSUL","APOTEK SAHABAT","CAB02","Padang",8700.7,6,8700.7,52204.200000000004
"2022-05-02","CUST55695","TA","BRND006","OGB & PH","IN6178_BRG0006","KETOCONAZOLE TABLET 200 MG","TABLET","APOTEK TAPAK","CAB04","Aceh",2819.2,18,2819.2,50745.6
"2022-01-30","CUST55475","TD","BRND006","OGB & PH","IN6208_BRG0006","KETOCONAZOLE TABLET 200 MG","TABLET","APOTEK SINAR JAYA","CAB09","Bekasi",2819.2,8,2819.2,22553.6
"2022-01-27","CUST55538","EPM","BRND009","VNS","IN6066_BRG0009","AMBROXOL HC","BOTOL","APOTEK MAJA","CAB01","Kuningan",5780.7,12,5780.7,69368.4
"2022-01-23","CUST55396","EPM","BRND007","ETIKAL","IN6307_BRG0007","ERGOTAMINE COFFEINE","BOTOL","APOTEK MAJA","CAB05","Kuningan",4592.1,14,4592.1,64289.40000000001
"2022-04-19","CUST55641","TA","BRND002","ETIKAL","IN6154_BRG0002","ALERGINE TABLET SALUT","DUS","APOTEK SAHABAT","CAB10","Padang",2337.5,12,2337.5,28050
"2022-01-23","CUST55426","EPM","BRND007","ETIKAL","IN6311_BRG0007","ERGOTAMINE COFFEINE","BOTOL","APOTEK MAJA","CAB05","Kuningan",4592.1,7,4592.1,32144.700000000004
"2022-01-28","CUST55509","TD","BRND010","SLCYL","IN6199_BRG0010","PARACETAMOL","BOTOL","KLINIK GM","CAB02","Jakarta",6940.3,25,6940.3,173507.5
"2022-05-26","CUST55671","TD","BRND002","ETIKAL","IN5993_BRG0002","ALERGINE TABLET SALUT","DUS","APOTEK SAHABAT","CAB10","Padang",2337.5,1,2337.5,2337.5
"2022-01-23","CUST55432","TA","BRND003","MARCKS","IN5980_BRG0003","AMPICILLIN","BOTOL","APOTEK TAPAK","CAB01","Aceh",10690.6,20,10690.6,213812
"2022-04-30","CUST55718","TD","BRND009","VNS","IN6097_BRG0009","AMBROXOL HC","BOTOL","APOTEK MAJA","CAB01","Kuningan",5780.7,100,5780.7,578070
"2022-01-28","CUST55539","TD","BRND010","SLCYL","IN6303_BRG0010","PARACETAMOL","BOTOL","KLINIK GM","CAB02","Jakarta",6940.3,95,6940.3,659328.5
"2022-05-01","CUST55704","TD","BRND005","SLCYL","IN6067_BRG0005","KLORPROMAZINA TABLET SALUT SELAPUT 100 MG","TABLET","KLINIK GM","CAB02","Jakarta",5648.3,14,5648.3,79076.2
"2022-02-01","CUST55453","EPM","BRND004","VNS","IN6269_BRG0004","TRAMADOL KAPSUL 50 MG","KAPSUL","APOTEK SAHABAT","CAB02","Padang",8700.7,12,8700.7,104408.40000000001
"2022-01-20","CUST55381","TD","BRND002","ETIKAL","IN6297_BRG0002","ALERGINE TABLET SALUT","DUS","APOTEK MAJA","CAB01","Kuningan",2337.5,5,2337.5,11687.5
"2022-04-30","CUST55631","TA","BRND002","ETIKAL","IN6225_BRG0002","ALERGINE TABLET SALUT","DUS","KLINIK SAHABAT","CAB01","Tangerang",2337.5,44,2337.5,102850
"2022-05-01","CUST55724","TD","BRND005","SLCYL","IN6142_BRG0005","KLORPROMAZINA TABLET SALUT SELAPUT 100 MG","TABLET","KLINIK DR. ANDRI","CAB03","Lampung",5648.3,45,5648.3,254173.5
"2022-01-31","CUST55458","TD","BRND009","VNS","IN6326_BRG0009","AMBROXOL HC","BOTOL","APOTEK MERDEKA","CAB07","Bandung",5780.7,4,5780.7,23122.8
"2022-03-24","CUST55594","TA","BRND005","SLCYL","IN6076_BRG0005","KLORPROMAZINA TABLET SALUT SELAPUT 100 MG","TABLET","KLINIK SAHABAT","CAB08","Tangerang",5648.3,12,5648.3,67779.6
"2022-01-20","CUST55380","TD","BRND001","OGB & PH","IN5997_BRG0001","ACYCLOVIR DUS","DUS","APOTEK TAPAK","CAB01","Aceh",1169.91,1,1169.91,1169.91
"2022-06-16","CUST55712","TA","BRND003","MARCKS","IN6012_BRG0003","AMPICILLIN","BOTOL","KLINIK GM","CAB06","Jakarta",10690.6,5,10690.6,53453
"2022-01-31","CUST55452","TA","BRND003","MARCKS","IN6263_BRG0003","AMPICILLIN","BOTOL","APOTEK SINAR JAYA","CAB01","Bekasi",10690.6,130,10690.6,1389778
"2022-05-01","CUST55719","TA","BRND010","SLCYL","IN5989_BRG0010","PARACETAMOL","BOTOL","KLINIK GM","CAB02","Jakarta",6940.3,67,6940.3,465000.10000000003
"2022-02-21","CUST55563","TD","BRND004","VNS","IN6231_BRG0004","TRAMADOL KAPSUL 50 MG","KAPSUL","APOTEK MERDEKA","CAB07","Bandung",8700.7,24,8700.7,208816.80000000002
"2022-01-27","CUST55508","TD","BRND009","VNS","IN6228_BRG0009","AMBROXOL HC","BOTOL","APOTEK MAJA","CAB01","Kuningan",5780.7,12,5780.7,69368.4
"2022-03-23","CUST55593","TD","BRND004","VNS","IN6051_BRG0004","TRAMADOL KAPSUL 50 MG","KAPSUL","APOTEK MERDEKA","CAB07","Bandung",8700.7,15,8700.7,130510.50000000001
"2022-05-02","CUST55700","EPM","BRND001","OGB & PH","IN6105_BRG0001","ACYCLOVIR DUS","DUS","APOTEK SINAR JAYA","CAB09","Bekasi",1169.91,21,1169.91,24568.11
"2022-01-28","CUST55425","TA","BRND006","OGB & PH","IN6247_BRG0006","KETOCONAZOLE TABLET 200 MG","TABLET","APOTEK TAPAK","CAB04","Aceh",2819.2,10,2819.2,28192
"2022-01-23","CUST55408","TD","BRND009","MARCKS","IN6086_BRG0003","AMPICILLIN","BOTOL","APOTEK SAHABAT","CAB02","Padang",5780.7,14,5780.7,80929.8
"2022-01-31","CUST55500","TA","BRND001","OGB & PH","IN6186_BRG0001","ACYCLOVIR DUS","DUS","APOTEK TAPAK","CAB04","Aceh",1169.91,18,1169.91,21058.38
"2022-03-28","CUST55598","TA","BRND009","VNS","IN5979_BRG0009","AMBROXOL HC","BOTOL","APOTEK MAJA","CAB01","Kuningan",5780.7,18,5780.7,104052.59999999999
"2022-01-28","CUST55503","TA","BRND004","VNS","IN6162_BRG0004","TRAMADOL KAPSUL 50 MG","KAPSUL","APOTEK MERDEKA","CAB07","Bandung",8700.7,12,8700.7,104408.40000000001
"2022-01-31","CUST55476","TA","BRND007","ETIKAL","IN6148_BRG0007","ERGOTAMINE COFFEINE","BOTOL","APOTEK SAHABAT","CAB10","Padang",4592.1,9,4592.1,41328.9
"2022-01-27","CUST55448","TD","BRND009","VNS","IN6327_BRG0009","AMBROXOL HC","BOTOL","APOTEK MAJA","CAB01","Kuningan",5780.7,25,5780.7,144517.5
"2022-01-27","CUST55412","TA","BRND003","MARCKS","IN6146_BRG0003","AMPICILLIN","BOTOL","KLINIK GM","CAB06","Jakarta",10690.6,25,10690.6,267265
"2022-01-30","CUST55391","TD","BRND002","ETIKAL","IN6287_BRG0002","ALERGINE TABLET SALUT","DUS","KLINIK SAHABAT","CAB01","Tangerang",2337.5,17,2337.5,39737.5
"2022-05-02","CUST55705","TD","BRND006","OGB & PH","IN6143_BRG0006","KETOCONAZOLE TABLET 200 MG","TABLET","APOTEK MERDEKA","CAB03","Bandung",2819.2,24,2819.2,67660.79999999999
"2022-04-18","CUST55640","TD","BRND001","OGB & PH","IN5985_BRG0001","ACYCLOVIR DUS","DUS","APOTEK SINAR JAYA","CAB09","Bekasi",1169.91,22,1169.91,25738.02
"2022-01-23","CUST55450","EPM","BRND001","OGB & PH","IN6233_BRG0001","ACYCLOVIR DUS","DUS","APOTEK MERDEKA","CAB03","Bandung",1169.91,24,1169.91,28077.840000000004
"2022-06-01","CUST55677","TD","BRND008","ETIKAL","IN6100_BRG0002","ALERGINE TABLET SALUT","DUS","APOTEK SINAR JAYA","CAB01","Bekasi",3991.9,9,3991.9,35927.1
"2022-04-10","CUST55611","TA","BRND002","ETIKAL","IN6227_BRG0002","ALERGINE TABLET SALUT","DUS","APOTEK SAHABAT","CAB10","Padang",2337.5,12,2337.5,28050
"2022-02-01","CUST55519","TD","BRND010","SLCYL","IN6293_BRG0010","PARACETAMOL","BOTOL","KLINIK SAHABAT","CAB08","Tangerang",6940.3,4,6940.3,27761.2
"2022-02-06","CUST55548","EPM","BRND009","VNS","IN6088_BRG0009","AMBROXOL HC","BOTOL","APOTEK MERDEKA","CAB07","Bandung",5780.7,10,5780.7,57807
"2022-02-01","CUST55423","EPM","BRND004","VNS","IN6274_BRG0004","TRAMADOL KAPSUL 50 MG","KAPSUL","APOTEK SAHABAT","CAB02","Padang",8700.7,8,8700.7,69605.6
"2022-06-15","CUST55691","TD","BRND002","ETIKAL","IN6046_BRG0002","ALERGINE TABLET SALUT","DUS","KLINIK SAHABAT","CAB01","Tangerang",2337.5,12,2337.5,28050
"2022-05-01","CUST55709","TA","BRND010","VNS","IN6030_BRG0004","TRAMADOL KAPSUL 50 MG","KAPSUL","KLINIK DR. ANDRI","CAB03","Lampung",6940.3,10,6940.3,69403
"2022-04-18","CUST55658","TA","BRND009","VNS","IN6194_BRG0009","AMBROXOL HC","BOTOL","APOTEK MAJA","CAB01","Kuningan",5780.7,25,5780.7,144517.5
"2022-05-02","CUST55710","EPM","BRND001","OGB & PH","IN6094_BRG0001","ACYCLOVIR DUS","DUS","APOTEK TAPAK","CAB04","Aceh",1169.91,67,1169.91,78383.97
"2022-06-16","CUST55702","TA","BRND003","MARCKS","IN6109_BRG0003","AMPICILLIN","BOTOL","APOTEK TAPAK","CAB01","Aceh",10690.6,12,10690.6,128287.20000000001
"2022-04-20","CUST55660","TD","BRND001","OGB & PH","IN6313_BRG0001","ACYCLOVIR DUS","DUS","APOTEK MERDEKA","CAB03","Bandung",1169.91,24,1169.91,28077.840000000004
"2022-04-11","CUST55612","EPM","BRND003","MARCKS","IN6027_BRG0003","AMPICILLIN","BOTOL","APOTEK TAPAK","CAB01","Aceh",10690.6,10,10690.6,106906
"2022-01-28","CUST55515","TD","BRND006","OGB & PH","IN6064_BRG0006","KETOCONAZOLE TABLET 200 MG","TABLET","APOTEK TAPAK","CAB04","Aceh",2819.2,10,2819.2,28192
"2022-04-26","CUST55627","TD","BRND008","MARCKS","IN6309_BRG0008","TETRACYCLINE KAPSUL 250 MG","KAPSUL","APOTEK TAPAK","CAB01","Aceh",3991.9,45,3991.9,179635.5
"2022-02-05","CUST55547","TA","BRND008","MARCKS","IN6261_BRG0008","TETRACYCLINE KAPSUL 250 MG","KAPSUL","KLINIK GM","CAB06","Jakarta",3991.9,24,3991.9,95805.6
"2022-04-02","CUST55603","TD","BRND004","VNS","IN6001_BRG0004","TRAMADOL KAPSUL 50 MG","KAPSUL","APOTEK SAHABAT","CAB02","Padang",8700.7,21,8700.7,182714.7
"2022-01-28","CUST55473","TA","BRND004","VNS","IN6200_BRG0004","TRAMADOL KAPSUL 50 MG","KAPSUL","APOTEK MERDEKA","CAB07","Bandung",8700.7,5,8700.7,43503.5
"2022-02-16","CUST55558","EPM","BRND009","MARCKS","IN6026_BRG0003","AMPICILLIN","BOTOL","APOTEK SAHABAT","CAB02","Padang",5780.7,21,5780.7,121394.7
"2022-02-04","CUST55546","TD","BRND007","ETIKAL","IN6002_BRG0007","ERGOTAMINE COFFEINE","BOTOL","APOTEK MAJA","CAB05","Kuningan",4592.1,14,4592.1,64289.40000000001
"2022-05-23","CUST55668","TA","BRND009","VNS","IN6201_BRG0009","AMBROXOL HC","BOTOL","APOTEK MERDEKA","CAB07","Bandung",5780.7,4,5780.7,23122.8
"2022-05-19","CUST55650","TD","BRND001","OGB & PH","IN6272_BRG0001","ACYCLOVIR DUS","DUS","APOTEK TAPAK","CAB04","Aceh",1169.91,98,1169.91,114651.18000000001
"2022-01-27","CUST55388","TA","BRND009","VNS","IN6036_BRG0009","AMBROXOL HC","BOTOL","APOTEK MAJA","CAB08","Kuningan",5780.7,23,5780.7,132956.1
"2022-03-21","CUST55591","TA","BRND002","ETIKAL","IN6014_BRG0002","ALERGINE TABLET SALUT","DUS","APOTEK MAJA","CAB05","Kuningan",2337.5,34,2337.5,79475
"2022-06-16","CUST55697","TD","BRND008","MARCKS","IN6123_BRG0008","TETRACYCLINE KAPSUL 250 MG","KAPSUL","KLINIK GM","CAB06","Jakarta",3991.9,12,3991.9,47902.8
"2022-02-11","CUST55553","TD","BRND004","VNS","IN6319_BRG0004","TRAMADOL KAPSUL 50 MG","KAPSUL","APOTEK MAJA","CAB01","Kuningan",8700.7,98,8700.7,852668.6000000001
"2022-01-30","CUST55445","TD","BRND006","OGB & PH","IN6122_BRG0006","KETOCONAZOLE TABLET 200 MG","TABLET","APOTEK SINAR JAYA","CAB09","Bekasi",2819.2,21,2819.2,59203.2
"2022-05-20","CUST55665","TA","BRND006","OGB & PH","IN6169_BRG0006","KETOCONAZOLE TABLET 200 MG","TABLET","APOTEK TAPAK","CAB04","Aceh",2819.2,67,2819.2,188886.4
"2022-05-24","CUST55655","TA","BRND006","OGB & PH","IN6090_BRG0006","KETOCONAZOLE TABLET 200 MG","TABLET","APOTEK SINAR JAYA","CAB09","Bekasi",2819.2,21,2819.2,59203.2
"2022-01-28","CUST55533","TA","BRND004","VNS","IN6246_BRG0004","TRAMADOL KAPSUL 50 MG","KAPSUL","APOTEK MERDEKA","CAB07","Bandung",8700.7,34,8700.7,295823.80000000005
"2022-04-30","CUST55703","EPM","BRND004","VNS","IN6249_BRG0004","TRAMADOL KAPSUL 50 MG","KAPSUL","APOTEK MAJA","CAB01","Kuningan",8700.7,25,8700.7,217517.50000000003
"2022-01-30","CUST55451","TD","BRND002","ETIKAL","IN6235_BRG0002","ALERGINE TABLET SALUT","DUS","KLINIK SAHABAT","CAB01","Tangerang",2337.5,10,2337.5,23375
"2022-04-26","CUST55635","TA","BRND006","OGB & PH","IN6047_BRG0006","KETOCONAZOLE TABLET 200 MG","TABLET","APOTEK TAPAK","CAB04","Aceh",2819.2,12,2819.2,33830.399999999994
"2022-05-21","CUST55652","TA","BRND003","MARCKS","IN6298_BRG0003","AMPICILLIN","BOTOL","KLINIK GM","CAB06","Jakarta",10690.6,4,10690.6,42762.4
"2022-03-02","CUST55572","EPM","BRND003","MARCKS","IN6239_BRG0003","AMPICILLIN","BOTOL","APOTEK SINAR JAYA","CAB01","Bekasi",10690.6,8,10690.6,85524.8
"2022-03-22","CUST55592","EPM","BRND003","MARCKS","IN6290_BRG0003","AMPICILLIN","BOTOL","KLINIK GM","CAB06","Jakarta",10690.6,67,10690.6,716270.2000000001
"2022-01-31","CUST55440","EPM","BRND001","OGB & PH","IN6241_BRG0001","ACYCLOVIR DUS","DUS","APOTEK TAPAK","CAB04","Aceh",1169.91,79,1169.91,92422.89
"2022-06-04","CUST55680","EPM","BRND001","OGB & PH","IN6198_BRG0001","ACYCLOVIR DUS","DUS","APOTEK TAPAK","CAB04","Aceh",1169.91,4,1169.91,4679.64
"2022-02-01","CUST55411","TD","BRND002","ETIKAL","IN5994_BRG0002","ALERGINE TABLET SALUT","DUS","APOTEK MAJA","CAB05","Kuningan",2337.5,12,2337.5,28050
"2022-01-28","CUST55485","TD","BRND006","OGB & PH","IN6070_BRG0006","KETOCONAZOLE TABLET 200 MG","TABLET","APOTEK TAPAK","CAB04","Aceh",2819.2,23,2819.2,64841.6
"2022-05-16","CUST55647","TD","BRND008","ETIKAL","IN6077_BRG0002","ALERGINE TABLET SALUT","DUS","APOTEK SINAR JAYA","CAB01","Bekasi",3991.9,12,3991.9,47902.8
"2022-01-28","CUST55527","TA","BRND008","ETIKAL","IN6314_BRG0002","ALERGINE TABLET SALUT","DUS","APOTEK SINAR JAYA","CAB01","Bekasi",3991.9,45,3991.9,179635.5
"2022-01-30","CUST55415","TA","BRND006","OGB & PH","IN6281_BRG0006","KETOCONAZOLE TABLET 200 MG","TABLET","APOTEK SINAR JAYA","CAB09","Bekasi",2819.2,10,2819.2,28192
"2022-01-23","CUST55444","TD","BRND005","SLCYL","IN6220_BRG0005","KLORPROMAZINA TABLET SALUT SELAPUT 100 MG","TABLET","KLINIK SAHABAT","CAB08","Tangerang",5648.3,48,5648.3,271118.4
"2022-01-30","CUST55463","TA","BRND004","VNS","IN6256_BRG0004","TRAMADOL KAPSUL 50 MG","KAPSUL","APOTEK MAJA","CAB01","Kuningan",8700.7,12,8700.7,104408.40000000001
"2022-01-31","CUST55398","TA","BRND009","VNS","IN6195_BRG0009","AMBROXOL HC","BOTOL","APOTEK MERDEKA","CAB07","Bandung",5780.7,67,5780.7,387306.89999999997
"2022-06-13","CUST55689","TA","BRND010","SLCYL","IN6159_BRG0010","PARACETAMOL","BOTOL","KLINIK GM","CAB02","Jakarta",6940.3,67,6940.3,465000.10000000003
"2022-02-01","CUST55483","TA","BRND004","VNS","IN6185_BRG0004","TRAMADOL KAPSUL 50 MG","KAPSUL","APOTEK SAHABAT","CAB02","Padang",8700.7,9,8700.7,78306.3
"2022-06-05","CUST55681","TD","BRND002","ETIKAL","IN6212_BRG0002","ALERGINE TABLET SALUT","DUS","APOTEK MAJA","CAB05","Kuningan",2337.5,2,2337.5,4675
"2022-03-08","CUST55578","EPM","BRND009","VNS","IN6164_BRG0009","AMBROXOL HC","BOTOL","APOTEK MERDEKA","CAB07","Bandung",5780.7,1,5780.7,5780.7
"2022-02-01","CUST55465","TD","BRND006","OGB & PH","IN6120_BRG0006","KETOCONAZOLE TABLET 200 MG","TABLET","APOTEK MERDEKA","CAB03","Bandung",2819.2,14,2819.2,39468.799999999996
"2022-01-27","CUST55520","TA","BRND001","OGB & PH","IN6205_BRG0001","ACYCLOVIR DUS","DUS","APOTEK SINAR JAYA","CAB09","Bekasi",1169.91,8,1169.91,9359.28
"2022-01-28","CUST55449","TA","BRND010","SLCYL","IN6119_BRG0010","PARACETAMOL","BOTOL","KLINIK GM","CAB02","Jakarta",6940.3,14,6940.3,97164.2
"2022-01-23","CUST55438","TD","BRND009","MARCKS","IN6217_BRG0003","AMPICILLIN","BOTOL","APOTEK SAHABAT","CAB02","Padang",5780.7,5,5780.7,28903.5
"2022-03-12","CUST55582","EPM","BRND003","MARCKS","IN6206_BRG0003","AMPICILLIN","BOTOL","APOTEK TAPAK","CAB01","Aceh",10690.6,23,10690.6,245883.80000000002
"2022-01-23","CUST55480","EPM","BRND001","OGB & PH","IN6039_BRG0001","ACYCLOVIR DUS","DUS","APOTEK MERDEKA","CAB03","Bandung",1169.91,13,1169.91,15208.830000000002
"2022-01-27","CUST55478","TD","BRND009","VNS","IN6095_BRG0009","AMBROXOL HC","BOTOL","APOTEK MAJA","CAB01","Kuningan",5780.7,5,5780.7,28903.5
"2022-04-30","CUST55708","TD","BRND009","MARCKS","IN6132_BRG0003","AMPICILLIN","BOTOL","APOTEK SAHABAT","CAB02","Padang",5780.7,12,5780.7,69368.4
"2022-03-09","CUST55579","TD","BRND010","SLCYL","IN6016_BRG0010","PARACETAMOL","BOTOL","KLINIK SAHABAT","CAB08","Tangerang",6940.3,5,6940.3,34701.5
"2022-01-28","CUST55419","TA","BRND010","SLCYL","IN6262_BRG0010","PARACETAMOL","BOTOL","KLINIK GM","CAB02","Jakarta",6940.3,67,6940.3,465000.10000000003
"2022-04-21","CUST55622","EPM","BRND003","MARCKS","IN5983_BRG0003","AMPICILLIN","BOTOL","KLINIK GM","CAB06","Jakarta",10690.6,67,10690.6,716270.2000000001
"2022-01-23","CUST55414","TD","BRND005","SLCYL","IN5991_BRG0005","KLORPROMAZINA TABLET SALUT SELAPUT 100 MG","TABLET","KLINIK SAHABAT","CAB08","Tangerang",5648.3,24,5648.3,135559.2
"2022-06-16","CUST55717","EPM","BRND008","MARCKS","IN6000_BRG0008","TETRACYCLINE KAPSUL 250 MG","KAPSUL","APOTEK TAPAK","CAB01","Aceh",3991.9,7,3991.9,27943.3
"2022-02-01","CUST55507","EPM","BRND008","MARCKS","IN6300_BRG0008","TETRACYCLINE KAPSUL 250 MG","KAPSUL","APOTEK TAPAK","CAB01","Aceh",3991.9,22,3991.9,87821.8
"2022-04-13","CUST55614","TA","BRND005","SLCYL","IN6180_BRG0005","KLORPROMAZINA TABLET SALUT SELAPUT 100 MG","TABLET","KLINIK GM","CAB02","Jakarta",5648.3,98,5648.3,553533.4
"2022-01-31","CUST55488","TD","BRND009","VNS","IN6322_BRG0009","AMBROXOL HC","BOTOL","APOTEK MERDEKA","CAB07","Bandung",5780.7,17,5780.7,98271.9
"2022-04-30","CUST55713","EPM","BRND004","VNS","IN6106_BRG0004","TRAMADOL KAPSUL 50 MG","KAPSUL","APOTEK MERDEKA","CAB07","Bandung",8700.7,4,8700.7,34802.8
"2022-01-27","CUST55514","EPM","BRND005","SLCYL","IN6299_BRG0005","KLORPROMAZINA TABLET SALUT SELAPUT 100 MG","TABLET","KLINIK DR. ANDRI","CAB03","Lampung",5648.3,12,5648.3,67779.6
"2022-05-24","CUST55669","EPM","BRND010","SLCYL","IN6179_BRG0010","PARACETAMOL","BOTOL","KLINIK SAHABAT","CAB08","Tangerang",6940.3,8,6940.3,55522.4
"2022-01-23","CUST55468","TD","BRND009","MARCKS","IN6286_BRG0003","AMPICILLIN","BOTOL","APOTEK SAHABAT","CAB02","Padang",5780.7,120,5780.7,693684
"2022-04-27","CUST55628","TA","BRND009","VNS","IN6073_BRG0009","AMBROXOL HC","BOTOL","APOTEK MAJA","CAB01","Kuningan",5780.7,34,5780.7,196543.8
"2022-01-31","CUST55518","EPM","BRND009","VNS","IN6130_BRG0009","AMBROXOL HC","BOTOL","APOTEK MERDEKA","CAB07","Bandung",5780.7,5,5780.7,28903.5
"2022-02-01","CUST55447","EPM","BRND008","MARCKS","IN6005_BRG0008","TETRACYCLINE KAPSUL 250 MG","KAPSUL","APOTEK TAPAK","CAB01","Aceh",3991.9,12,3991.9,47902.8
"2022-01-27","CUST55454","TD","BRND005","SLCYL","IN6188_BRG0005","KLORPROMAZINA TABLET SALUT SELAPUT 100 MG","TABLET","KLINIK DR. ANDRI","CAB03","Lampung",5648.3,10,5648.3,56483
"2022-01-31","CUST55446","TA","BRND007","ETIKAL","IN6255_BRG0007","ERGOTAMINE COFFEINE","BOTOL","APOTEK SAHABAT","CAB10","Padang",4592.1,22,4592.1,101026.20000000001
"2022-04-16","CUST55638","TA","BRND009","VNS","IN6075_BRG0009","AMBROXOL HC","BOTOL","APOTEK MERDEKA","CAB07","Bandung",5780.7,48,5780.7,277473.6
"2022-01-23","CUST55390","TD","BRND001","OGB & PH","IN6190_BRG0001","ACYCLOVIR DUS","DUS","APOTEK MERDEKA","CAB10","Bandung",1169.91,2,1169.91,2339.82
"2022-01-31","CUST55428","TD","BRND009","VNS","IN6042_BRG0009","AMBROXOL HC","BOTOL","APOTEK MERDEKA","CAB07","Bandung",5780.7,67,5780.7,387306.89999999997
"2022-06-10","CUST55686","EPM","BRND007","ETIKAL","IN6324_BRG0007","ERGOTAMINE COFFEINE","BOTOL","APOTEK SAHABAT","CAB10","Padang",4592.1,25,4592.1,114802.50000000001
"2022-03-10","CUST55580","TD","BRND001","OGB & PH","IN6043_BRG0001","ACYCLOVIR DUS","DUS","APOTEK SINAR JAYA","CAB09","Bekasi",1169.91,9,1169.91,10529.19
"2022-02-01","CUST55441","TD","BRND002","ETIKAL","IN6134_BRG0002","ALERGINE TABLET SALUT","DUS","APOTEK MAJA","CAB05","Kuningan",2337.5,12,2337.5,28050
"2022-01-27","CUST55436","TA","BRND007","OGB & PH","IN6219_BRG0001","ACYCLOVIR DUS","DUS","KLINIK SAHABAT","CAB01","Tangerang",4592.1,34,4592.1,156131.40000000002
"2022-02-01","CUST55429","TA","BRND010","SLCYL","IN6133_BRG0010","PARACETAMOL","BOTOL","KLINIK SAHABAT","CAB08","Tangerang",6940.3,78,6940.3,541343.4
"2022-01-28","CUST55407","TD","BRND008","ETIKAL","IN6013_BRG0002","ALERGINE TABLET SALUT","DUS","APOTEK SINAR JAYA","CAB01","Bekasi",3991.9,25,3991.9,99797.5
"2022-01-27","CUST55490","TA","BRND001","OGB & PH","IN6062_BRG0001","ACYCLOVIR DUS","DUS","APOTEK SINAR JAYA","CAB09","Bekasi",1169.91,12,1169.91,14038.920000000002
"2022-02-27","CUST55569","TD","BRND010","SLCYL","IN6114_BRG0010","PARACETAMOL","BOTOL","KLINIK GM","CAB02","Jakarta",6940.3,98,6940.3,680149.4
"2022-01-23","CUST55474","EPM","BRND005","SLCYL","IN6065_BRG0005","KLORPROMAZINA TABLET SALUT SELAPUT 100 MG","TABLET","KLINIK SAHABAT","CAB08","Tangerang",5648.3,4,5648.3,22593.2
"2022-04-27","CUST55636","EPM","BRND007","ETIKAL","IN6071_BRG0007","ERGOTAMINE COFFEINE","BOTOL","APOTEK MAJA","CAB05","Kuningan",4592.1,95,4592.1,436249.50000000006
"2022-02-14","CUST55556","TD","BRND007","OGB & PH","IN6129_BRG0001","ACYCLOVIR DUS","DUS","KLINIK SAHABAT","CAB01","Tangerang",4592.1,8,4592.1,36736.8
"2022-01-27","CUST55424","TD","BRND005","SLCYL","IN6003_BRG0005","KLORPROMAZINA TABLET SALUT SELAPUT 100 MG","TABLET","KLINIK DR. ANDRI","CAB03","Lampung",5648.3,9,5648.3,50834.700000000004
"2022-05-01","CUST55694","TD","BRND005","SLCYL","IN6044_BRG0005","KLORPROMAZINA TABLET SALUT SELAPUT 100 MG","TABLET","KLINIK DR. ANDRI","CAB03","Lampung",5648.3,18,5648.3,101669.40000000001
"2022-01-28","CUST55431","TD","BRND002","ETIKAL","IN6253_BRG0002","ALERGINE TABLET SALUT","DUS","APOTEK SAHABAT","CAB10","Padang",2337.5,34,2337.5,79475
"2022-03-27","CUST55597","TD","BRND008","MARCKS","IN6153_BRG0008","TETRACYCLINE KAPSUL 250 MG","KAPSUL","APOTEK TAPAK","CAB01","Aceh",3991.9,18,3991.9,71854.2
"2022-05-03","CUST55696","EPM","BRND007","ETIKAL","IN6270_BRG0007","ERGOTAMINE COFFEINE","BOTOL","APOTEK MAJA","CAB05","Kuningan",4592.1,19,4592.1,87249.90000000001
"2022-01-27","CUST55484","EPM","BRND005","SLCYL","IN6258_BRG0005","KLORPROMAZINA TABLET SALUT SELAPUT 100 MG","TABLET","KLINIK DR. ANDRI","CAB03","Lampung",5648.3,1,5648.3,5648.3
"2022-01-30","CUST55421","TD","BRND002","ETIKAL","IN6163_BRG0002","ALERGINE TABLET SALUT","DUS","KLINIK SAHABAT","CAB01","Tangerang",2337.5,5,2337.5,11687.5
"2022-02-01","CUST55525","TD","BRND006","OGB & PH","IN6243_BRG0006","KETOCONAZOLE TABLET 200 MG","TABLET","APOTEK MERDEKA","CAB03","Bandung",2819.2,67,2819.2,188886.4
"2022-01-23","CUST55402","TA","BRND003","MARCKS","IN6125_BRG0003","AMPICILLIN","BOTOL","APOTEK TAPAK","CAB01","Aceh",10690.6,14,10690.6,149668.4
"2022-02-25","CUST55567","TA","BRND008","MARCKS","IN6011_BRG0008","TETRACYCLINE KAPSUL 250 MG","KAPSUL","APOTEK TAPAK","CAB01","Aceh",3991.9,10,3991.9,39919
"2022-04-20","CUST55621","TA","BRND002","ETIKAL","IN6056_BRG0002","ALERGINE TABLET SALUT","DUS","APOTEK MAJA","CAB05","Kuningan",2337.5,100,2337.5,233750
"2022-01-30","CUST55493","TA","BRND004","VNS","IN6305_BRG0004","TRAMADOL KAPSUL 50 MG","KAPSUL","APOTEK MAJA","CAB01","Kuningan",8700.7,14,8700.7,121809.80000000002
"2022-04-01","CUST55602","EPM","BRND003","MARCKS","IN6018_BRG0003","AMPICILLIN","BOTOL","APOTEK SINAR JAYA","CAB01","Bekasi",10690.6,14,10690.6,149668.4
"2022-02-01","CUST55531","EPM","BRND002","ETIKAL","IN6266_BRG0002","ALERGINE TABLET SALUT","DUS","APOTEK MAJA","CAB05","Kuningan",2337.5,34,2337.5,79475
"2022-05-25","CUST55656","EPM","BRND007","ETIKAL","IN5996_BRG0007","ERGOTAMINE COFFEINE","BOTOL","APOTEK SAHABAT","CAB10","Padang",4592.1,22,4592.1,101026.20000000001
"2022-05-28","CUST55673","EPM","BRND004","VNS","IN6282_BRG0004","TRAMADOL KAPSUL 50 MG","KAPSUL","APOTEK MAJA","CAB01","Kuningan",8700.7,9,8700.7,78306.3
"2022-04-17","CUST55639","EPM","BRND010","SLCYL","IN6218_BRG0010","PARACETAMOL","BOTOL","KLINIK SAHABAT","CAB08","Tangerang",6940.3,21,6940.3,145746.30000000002
"2022-01-31","CUST55536","TD","BRND007","ETIKAL","IN6068_BRG0007","ERGOTAMINE COFFEINE","BOTOL","APOTEK SAHABAT","CAB10","Padang",4592.1,6,4592.1,27552.600000000002
"2022-01-28","CUST55389","EPM","BRND010","SLCYL","IN6029_BRG0010","PARACETAMOL","BOTOL","KLINIK GM","CAB09","Jakarta",6940.3,4,6940.3,27761.2
"2022-04-19","CUST55662","TA","BRND003","MARCKS","IN6316_BRG0003","AMPICILLIN","BOTOL","APOTEK SINAR JAYA","CAB01","Bekasi",10690.6,120,10690.6,1282872
"2022-02-18","CUST55560","TA","BRND001","OGB & PH","IN6087_BRG0001","ACYCLOVIR DUS","DUS","APOTEK TAPAK","CAB04","Aceh",1169.91,12,1169.91,14038.920000000002
"2022-01-25","CUST55386","EPM","BRND007","ETIKAL","IN6089_BRG0007","ERGOTAMINE COFFEINE","BOTOL","APOTEK SAHABAT","CAB06","Padang",4592.1,9,4592.1,41328.9
"2022-01-30","CUST55433","EPM","BRND004","VNS","IN6104_BRG0004","TRAMADOL KAPSUL 50 MG","KAPSUL","APOTEK MAJA","CAB01","Kuningan",8700.7,45,8700.7,391531.50000000006
"2022-04-30","CUST55698","TD","BRND009","VNS","IN6265_BRG0009","AMBROXOL HC","BOTOL","APOTEK MERDEKA","CAB07","Bandung",5780.7,25,5780.7,144517.5
"2022-04-24","CUST55625","TA","BRND006","OGB & PH","IN6127_BRG0006","KETOCONAZOLE TABLET 200 MG","TABLET","APOTEK SINAR JAYA","CAB09","Bekasi",2819.2,34,2819.2,95852.79999999999
"2022-03-18","CUST55588","EPM","BRND009","MARCKS","IN6193_BRG0003","AMPICILLIN","BOTOL","APOTEK SAHABAT","CAB02","Padang",5780.7,12,5780.7,69368.4
"2022-05-03","CUST55726","TA","BRND007","ETIKAL","IN6112_BRG0007","ERGOTAMINE COFFEINE","BOTOL","APOTEK MAJA","CAB05","Kuningan",4592.1,34,4592.1,156131.40000000002
"2022-03-31","CUST55601","TA","BRND002","ETIKAL","IN6085_BRG0002","ALERGINE TABLET SALUT","DUS","KLINIK SAHABAT","CAB01","Tangerang",2337.5,25,2337.5,58437.5
"2022-01-31","CUST55494","EPM","BRND005","SLCYL","IN6079_BRG0005","KLORPROMAZINA TABLET SALUT SELAPUT 100 MG","TABLET","KLINIK GM","CAB02","Jakarta",5648.3,34,5648.3,192042.2
"2022-01-30","CUST55523","TA","BRND004","VNS","IN6025_BRG0004","TRAMADOL KAPSUL 50 MG","KAPSUL","APOTEK MAJA","CAB01","Kuningan",8700.7,7,8700.7,60904.90000000001
"2022-01-30","CUST55457","EPM","BRND008","MARCKS","IN6099_BRG0008","TETRACYCLINE KAPSUL 250 MG","KAPSUL","KLINIK GM","CAB06","Jakarta",3991.9,5,3991.9,19959.5
"2022-01-23","CUST55522","TD","BRND003","MARCKS","IN6317_BRG0003","AMPICILLIN","BOTOL","APOTEK TAPAK","CAB01","Aceh",10690.6,10,10690.6,106906
"2022-02-01","CUST55477","EPM","BRND008","MARCKS","IN6072_BRG0008","TETRACYCLINE KAPSUL 250 MG","KAPSUL","APOTEK TAPAK","CAB01","Aceh",3991.9,1,3991.9,3991.9
"2022-02-01","CUST55543","TD","BRND004","VNS","IN6060_BRG0004","TRAMADOL KAPSUL 50 MG","KAPSUL","APOTEK SAHABAT","CAB02","Padang",8700.7,22,8700.7,191415.40000000002
"2022-05-31","CUST55676","EPM","BRND007","OGB & PH","IN6010_BRG0001","ACYCLOVIR DUS","DUS","KLINIK SAHABAT","CAB01","Tangerang",4592.1,5,4592.1,22960.5
"2022-01-27","CUST55406","EPM","BRND007","OGB & PH","IN6173_BRG0001","ACYCLOVIR DUS","DUS","KLINIK SAHABAT","CAB01","Tangerang",4592.1,12,4592.1,55105.200000000004
"2022-01-23","CUST55420","EPM","BRND001","OGB & PH","IN6028_BRG0001","ACYCLOVIR DUS","DUS","APOTEK MERDEKA","CAB03","Bandung",1169.91,98,1169.91,114651.18000000001
"2022-04-20","CUST55663","EPM","BRND004","VNS","IN6019_BRG0004","TRAMADOL KAPSUL 50 MG","KAPSUL","APOTEK SAHABAT","CAB02","Padang",8700.7,12,8700.7,104408.40000000001
"2022-02-17","CUST55559","TD","BRND010","VNS","IN6224_BRG0004","TRAMADOL KAPSUL 50 MG","KAPSUL","KLINIK DR. ANDRI","CAB03","Lampung",6940.3,22,6940.3,152686.6
"2022-05-30","CUST55675","TA","BRND006","OGB & PH","IN6166_BRG0006","KETOCONAZOLE TABLET 200 MG","TABLET","APOTEK MERDEKA","CAB03","Bandung",2819.2,1,2819.2,2819.2
"2022-01-27","CUST55466","TA","BRND007","OGB & PH","IN6161_BRG0001","ACYCLOVIR DUS","DUS","KLINIK SAHABAT","CAB01","Tangerang",4592.1,24,4592.1,110210.40000000001
"2022-02-19","CUST55561","EPM","BRND002","ETIKAL","IN6096_BRG0002","ALERGINE TABLET SALUT","DUS","APOTEK MAJA","CAB05","Kuningan",2337.5,25,2337.5,58437.5
"2022-01-28","CUST55443","EPM","BRND004","VNS","IN5981_BRG0004","TRAMADOL KAPSUL 50 MG","KAPSUL","APOTEK MERDEKA","CAB07","Bandung",8700.7,76,8700.7,661253.2000000001
"2022-04-18","CUST55661","TD","BRND002","ETIKAL","IN6138_BRG0002","ALERGINE TABLET SALUT","DUS","KLINIK SAHABAT","CAB01","Tangerang",2337.5,10,2337.5,23375
"2022-01-31","CUST55464","EPM","BRND005","SLCYL","IN6048_BRG0005","KLORPROMAZINA TABLET SALUT SELAPUT 100 MG","TABLET","KLINIK GM","CAB02","Jakarta",5648.3,25,5648.3,141207.5
"2022-05-25","CUST55670","TD","BRND001","OGB & PH","IN5978_BRG0001","ACYCLOVIR DUS","DUS","APOTEK SINAR JAYA","CAB09","Bekasi",1169.91,9,1169.91,10529.19
"2022-05-20","CUST55651","TD","BRND002","ETIKAL","IN6150_BRG0002","ALERGINE TABLET SALUT","DUS","APOTEK MAJA","CAB05","Kuningan",2337.5,5,2337.5,11687.5
"2022-01-31","CUST55524","EPM","BRND005","SLCYL","IN6203_BRG0005","KLORPROMAZINA TABLET SALUT SELAPUT 100 MG","TABLET","KLINIK GM","CAB02","Jakarta",5648.3,100,5648.3,564830
"2022-04-29","CUST55630","TD","BRND001","OGB & PH","IN6197_BRG0001","ACYCLOVIR DUS","DUS","APOTEK MERDEKA","CAB03","Bandung",1169.91,34,1169.91,39776.94
"2022-01-27","CUST55526","TD","BRND007","OGB & PH","IN6136_BRG0001","ACYCLOVIR DUS","DUS","KLINIK SAHABAT","CAB01","Tangerang",4592.1,78,4592.1,358183.80000000005
"2022-01-31","CUST55392","TA","BRND003","MARCKS","IN6102_BRG0003","AMPICILLIN","BOTOL","APOTEK SINAR JAYA","CAB01","Bekasi",10690.6,11,10690.6,117596.6
"2022-01-23","CUST55385","TA","BRND006","OGB & PH","IN6052_BRG0006","KETOCONAZOLE TABLET 200 MG","TABLET","APOTEK SINAR JAYA","CAB05","Bekasi",2819.2,5,2819.2,14096
"2022-04-04","CUST55605","EPM","BRND006","OGB & PH","IN6207_BRG0006","KETOCONAZOLE TABLET 200 MG","TABLET","APOTEK TAPAK","CAB04","Aceh",2819.2,12,2819.2,33830.399999999994
"2022-02-22","CUST55564","TA","BRND005","SLCYL","IN6260_BRG0005","KLORPROMAZINA TABLET SALUT SELAPUT 100 MG","TABLET","KLINIK SAHABAT","CAB08","Tangerang",5648.3,10,5648.3,56483
"2022-04-19","CUST55620","TD","BRND001","OGB & PH","IN6021_BRG0001","ACYCLOVIR DUS","DUS","APOTEK TAPAK","CAB04","Aceh",1169.91,7,1169.91,8189.370000000001
"2022-01-31","CUST55470","EPM","BRND001","OGB & PH","IN6040_BRG0001","ACYCLOVIR DUS","DUS","APOTEK TAPAK","CAB04","Aceh",1169.91,10,1169.91,11699.1
"2022-03-14","CUST55584","TA","BRND005","SLCYL","IN6092_BRG0005","KLORPROMAZINA TABLET SALUT SELAPUT 100 MG","TABLET","KLINIK GM","CAB02","Jakarta",5648.3,2,5648.3,11296.6
"2022-01-30","CUST55439","TA","BRND010","VNS","IN6323_BRG0004","TRAMADOL KAPSUL 50 MG","KAPSUL","KLINIK DR. ANDRI","CAB03","Lampung",6940.3,6,6940.3,41641.8
"2022-04-08","CUST55609","EPM","BRND010","SLCYL","IN6232_BRG0010","PARACETAMOL","BOTOL","KLINIK SAHABAT","CAB08","Tangerang",6940.3,10,6940.3,69403
"2022-04-06","CUST55607","TD","BRND008","MARCKS","IN5995_BRG0008","TETRACYCLINE KAPSUL 250 MG","KAPSUL","KLINIK GM","CAB06","Jakarta",3991.9,14,3991.9,55886.6
"2022-04-03","CUST55604","TA","BRND005","SLCYL","IN6271_BRG0005","KLORPROMAZINA TABLET SALUT SELAPUT 100 MG","TABLET","KLINIK DR. ANDRI","CAB03","Lampung",5648.3,22,5648.3,124262.6
"2022-03-11","CUST55581","TA","BRND002","ETIKAL","IN6020_BRG0002","ALERGINE TABLET SALUT","DUS","APOTEK SAHABAT","CAB10","Padang",2337.5,1,2337.5,2337.5
"2022-01-30","CUST55403","EPM","BRND004","VNS","IN6176_BRG0004","TRAMADOL KAPSUL 50 MG","KAPSUL","APOTEK MAJA","CAB01","Kuningan",8700.7,18,8700.7,156612.6
"2022-05-02","CUST55725","TD","BRND006","OGB & PH","IN6312_BRG0006","KETOCONAZOLE TABLET 200 MG","TABLET","APOTEK TAPAK","CAB04","Aceh",2819.2,34,2819.2,95852.79999999999
"2022-02-01","CUST55501","EPM","BRND002","ETIKAL","IN6211_BRG0002","ALERGINE TABLET SALUT","DUS","APOTEK MAJA","CAB05","Kuningan",2337.5,18,2337.5,42075
"2022-01-30","CUST55499","TD","BRND010","VNS","IN6278_BRG0004","TRAMADOL KAPSUL 50 MG","KAPSUL","KLINIK DR. ANDRI","CAB03","Lampung",6940.3,14,6940.3,97164.2
"2022-05-03","CUST55716","TA","BRND007","ETIKAL","IN6115_BRG0007","ERGOTAMINE COFFEINE","BOTOL","APOTEK SAHABAT","CAB10","Padang",4592.1,10,4592.1,45921
"2022-01-27","CUST55502","TD","BRND003","MARCKS","IN6118_BRG0003","AMPICILLIN","BOTOL","KLINIK GM","CAB06","Jakarta",10690.6,19,10690.6,203121.4
"2022-05-22","CUST55653","EPM","BRND004","VNS","IN6295_BRG0004","TRAMADOL KAPSUL 50 MG","KAPSUL","APOTEK MERDEKA","CAB07","Bandung",8700.7,8,8700.7,69605.6
"2022-03-01","CUST55571","TA","BRND002","ETIKAL","IN6069_BRG0002","ALERGINE TABLET SALUT","DUS","KLINIK SAHABAT","CAB01","Tangerang",2337.5,4,2337.5,9350
"2022-01-23","CUST55516","TD","BRND007","ETIKAL","IN6308_BRG0007","ERGOTAMINE COFFEINE","BOTOL","APOTEK MAJA","CAB05","Kuningan",4592.1,67,4592.1,307670.7
"2022-06-02","CUST55678","TD","BRND009","MARCKS","IN6222_BRG0003","AMPICILLIN","BOTOL","APOTEK SAHABAT","CAB02","Padang",5780.7,1,5780.7,5780.7
"2022-06-16","CUST55722","TA","BRND003","MARCKS","IN6165_BRG0003","AMPICILLIN","BOTOL","APOTEK SINAR JAYA","CAB01","Bekasi",10690.6,34,10690.6,363480.4
"2022-06-16","CUST55692","TA","BRND003","MARCKS","IN6268_BRG0003","AMPICILLIN","BOTOL","APOTEK SINAR JAYA","CAB01","Bekasi",10690.6,25,10690.6,267265
"2022-05-13","CUST55644","TD","BRND005","SLCYL","IN6168_BRG0005","KLORPROMAZINA TABLET SALUT SELAPUT 100 MG","TABLET","KLINIK GM","CAB02","Jakarta",5648.3,24,5648.3,135559.2
"2022-05-23","CUST55654","TD","BRND005","SLCYL","IN6022_BRG0005","KLORPROMAZINA TABLET SALUT SELAPUT 100 MG","TABLET","KLINIK SAHABAT","CAB08","Tangerang",5648.3,9,5648.3,50834.700000000004
"2022-01-21","CUST55382","TA","BRND003","MARCKS","IN6155_BRG0003","AMPICILLIN","BOTOL","KLINIK GM","CAB02","Jakarta",10690.6,9,10690.6,96215.40000000001
"2022-01-27","CUST55430","EPM","BRND001","OGB & PH","IN6306_BRG0001","ACYCLOVIR DUS","DUS","APOTEK SINAR JAYA","CAB09","Bekasi",1169.91,45,1169.91,52645.950000000004
"2022-01-28","CUST55401","TD","BRND002","ETIKAL","IN6141_BRG0002","ALERGINE TABLET SALUT","DUS","APOTEK SAHABAT","CAB10","Padang",2337.5,25,2337.5,58437.5
"2022-06-16","CUST55727","EPM","BRND008","MARCKS","IN6204_BRG0008","TETRACYCLINE KAPSUL 250 MG","KAPSUL","KLINIK GM","CAB06","Jakarta",3991.9,34,3991.9,135724.6
"2022-01-23","CUST55534","EPM","BRND005","SLCYL","IN6242_BRG0005","KLORPROMAZINA TABLET SALUT SELAPUT 100 MG","TABLET","KLINIK SAHABAT","CAB08","Tangerang",5648.3,44,5648.3,248525.2
"2022-01-23","CUST55456","TA","BRND007","ETIKAL","IN6216_BRG0007","ERGOTAMINE COFFEINE","BOTOL","APOTEK MAJA","CAB05","Kuningan",4592.1,98,4592.1,450025.80000000005
"2022-04-17","CUST55618","TA","BRND009","MARCKS","IN6174_BRG0003","AMPICILLIN","BOTOL","APOTEK SAHABAT","CAB02","Padang",5780.7,9,5780.7,52026.299999999996
"2022-02-15","CUST55557","TA","BRND008","ETIKAL","IN5986_BRG0002","ALERGINE TABLET SALUT","DUS","APOTEK SINAR JAYA","CAB01","Bekasi",3991.9,9,3991.9,35927.1
"2022-04-30","CUST55728","TD","BRND009","VNS","IN6304_BRG0009","AMBROXOL HC","BOTOL","APOTEK MERDEKA","CAB07","Bandung",5780.7,44,5780.7,254350.8
"2022-04-05","CUST55606","TD","BRND007","ETIKAL","IN6187_BRG0007","ERGOTAMINE COFFEINE","BOTOL","APOTEK MAJA","CAB05","Kuningan",4592.1,25,4592.1,114802.50000000001
"2022-02-07","CUST55549","TD","BRND010","SLCYL","IN6181_BRG0010","PARACETAMOL","BOTOL","KLINIK SAHABAT","CAB08","Tangerang",6940.3,130,6940.3,902239
"2022-01-30","CUST55469","TA","BRND010","VNS","IN6008_BRG0004","TRAMADOL KAPSUL 50 MG","KAPSUL","KLINIK DR. ANDRI","CAB03","Lampung",6940.3,12,6940.3,83283.6
"2022-02-01","CUST55435","TD","BRND006","OGB & PH","IN6054_BRG0006","KETOCONAZOLE TABLET 200 MG","TABLET","APOTEK MERDEKA","CAB03","Bandung",2819.2,34,2819.2,95852.79999999999
"2022-04-16","CUST55617","TD","BRND008","ETIKAL","IN6082_BRG0002","ALERGINE TABLET SALUT","DUS","APOTEK SINAR JAYA","CAB01","Bekasi",3991.9,8,3991.9,31935.2
"2022-02-03","CUST55545","EPM","BRND006","OGB & PH","IN6171_BRG0006","KETOCONAZOLE TABLET 200 MG","TABLET","APOTEK TAPAK","CAB04","Aceh",2819.2,25,2819.2,70480
"2022-01-31","CUST55482","TD","BRND003","MARCKS","IN6015_BRG0003","AMPICILLIN","BOTOL","APOTEK SINAR JAYA","CAB01","Bekasi",10690.6,5,10690.6,53453
"2022-01-31","CUST55404","TD","BRND005","SLCYL","IN6175_BRG0005","KLORPROMAZINA TABLET SALUT SELAPUT 100 MG","TABLET","KLINIK GM","CAB02","Jakarta",5648.3,18,5648.3,101669.40000000001
"2022-02-01","CUST55513","TA","BRND004","VNS","IN6017_BRG0004","TRAMADOL KAPSUL 50 MG","KAPSUL","APOTEK SAHABAT","CAB02","Padang",8700.7,23,8700.7,200116.1
"2022-01-31","CUST55434","TD","BRND005","SLCYL","IN6050_BRG0005","KLORPROMAZINA TABLET SALUT SELAPUT 100 MG","TABLET","KLINIK GM","CAB02","Jakarta",5648.3,34,5648.3,192042.2
"2022-05-03","CUST55706","TA","BRND007","OGB & PH","IN5990_BRG0001","ACYCLOVIR DUS","DUS","KLINIK SAHABAT","CAB01","Tangerang",4592.1,10,4592.1,45921
"2022-05-01","CUST55632","EPM","BRND003","MARCKS","IN5999_BRG0003","AMPICILLIN","BOTOL","APOTEK SINAR JAYA","CAB01","Bekasi",10690.6,5,10690.6,53453
"2022-01-23","CUST55462","TD","BRND003","MARCKS","IN6318_BRG0003","AMPICILLIN","BOTOL","APOTEK TAPAK","CAB01","Aceh",10690.6,22,10690.6,235193.2
"2022-01-30","CUST55529","TD","BRND010","VNS","IN6279_BRG0004","TRAMADOL KAPSUL 50 MG","KAPSUL","KLINIK DR. ANDRI","CAB03","Lampung",6940.3,20,6940.3,138806
"2022-01-30","CUST55397","TD","BRND008","MARCKS","IN6245_BRG0008","TETRACYCLINE KAPSUL 250 MG","KAPSUL","KLINIK GM","CAB06","Jakarta",3991.9,34,3991.9,135724.6
"2022-02-01","CUST55459","TA","BRND010","SLCYL","IN6267_BRG0010","PARACETAMOL","BOTOL","KLINIK SAHABAT","CAB08","Tangerang",6940.3,8,6940.3,55522.4
"2022-01-28","CUST55461","TD","BRND002","ETIKAL","IN6214_BRG0002","ALERGINE TABLET SALUT","DUS","APOTEK SAHABAT","CAB10","Padang",2337.5,21,2337.5,49087.5
"2022-05-27","CUST55672","TA","BRND003","MARCKS","IN6160_BRG0003","AMPICILLIN","BOTOL","APOTEK TAPAK","CAB01","Aceh",10690.6,5,10690.6,53453
"2022-04-14","CUST55615","EPM","BRND006","OGB & PH","IN6257_BRG0006","KETOCONAZOLE TABLET 200 MG","TABLET","APOTEK MERDEKA","CAB03","Bandung",2819.2,5,2819.2,14096
"2022-03-16","CUST55586","TD","BRND007","OGB & PH","IN6209_BRG0001","ACYCLOVIR DUS","DUS","KLINIK SAHABAT","CAB01","Tangerang",4592.1,11,4592.1,50513.100000000006
"2022-05-01","CUST55729","TA","BRND010","SLCYL","IN6004_BRG0010","PARACETAMOL","BOTOL","KLINIK SAHABAT","CAB08","Tangerang",6940.3,5,6940.3,34701.5
"2022-04-30","CUST55723","EPM","BRND004","VNS","IN6101_BRG0004","TRAMADOL KAPSUL 50 MG","KAPSUL","APOTEK SAHABAT","CAB02","Padang",8700.7,20,8700.7,174014
"2022-04-30","CUST55693","EPM","BRND004","VNS","IN6310_BRG0004","TRAMADOL KAPSUL 50 MG","KAPSUL","APOTEK SAHABAT","CAB02","Padang",8700.7,14,8700.7,121809.80000000002
"2022-06-12","CUST55688","TD","BRND009","VNS","IN6033_BRG0009","AMBROXOL HC","BOTOL","APOTEK MAJA","CAB01","Kuningan",5780.7,34,5780.7,196543.8
"2022-05-01","CUST55714","TD","BRND005","SLCYL","IN5984_BRG0005","KLORPROMAZINA TABLET SALUT SELAPUT 100 MG","TABLET","KLINIK SAHABAT","CAB08","Tangerang",5648.3,8,5648.3,45186.4
"2022-04-28","CUST55629","EPM","BRND010","SLCYL","IN6277_BRG0010","PARACETAMOL","BOTOL","KLINIK GM","CAB02","Jakarta",6940.3,34,6940.3,235970.2
"2022-03-06","CUST55576","TD","BRND007","ETIKAL","IN6110_BRG0007","ERGOTAMINE COFFEINE","BOTOL","APOTEK MAJA","CAB05","Kuningan",4592.1,9,4592.1,41328.9
"2022-01-30","CUST55517","TA","BRND008","MARCKS","IN6038_BRG0008","TETRACYCLINE KAPSUL 250 MG","KAPSUL","KLINIK GM","CAB06","Jakarta",3991.9,98,3991.9,391206.2
"2022-04-15","CUST55616","TD","BRND007","OGB & PH","IN6031_BRG0001","ACYCLOVIR DUS","DUS","KLINIK SAHABAT","CAB01","Tangerang",4592.1,4,4592.1,18368.4
"2022-01-30","CUST55409","TA","BRND010","VNS","IN6108_BRG0004","TRAMADOL KAPSUL 50 MG","KAPSUL","KLINIK DR. ANDRI","CAB03","Lampung",6940.3,21,6940.3,145746.30000000002
"2022-01-28","CUST55395","TA","BRND006","OGB & PH","IN6184_BRG0006","KETOCONAZOLE TABLET 200 MG","TABLET","APOTEK TAPAK","CAB04","Aceh",2819.2,25,2819.2,70480
"2022-02-10","CUST55552","TD","BRND003","MARCKS","IN6234_BRG0003","AMPICILLIN","BOTOL","APOTEK TAPAK","CAB01","Aceh",10690.6,67,10690.6,716270.2000000001
"2022-01-31","CUST55542","TD","BRND003","MARCKS","IN6244_BRG0003","AMPICILLIN","BOTOL","APOTEK SINAR JAYA","CAB01","Bekasi",10690.6,21,10690.6,224502.6
"2022-01-28","CUST55521","EPM","BRND002","ETIKAL","IN6325_BRG0002","ALERGINE TABLET SALUT","DUS","APOTEK SAHABAT","CAB10","Padang",2337.5,9,2337.5,21037.5
"2022-01-30","CUST55487","EPM","BRND008","MARCKS","IN6083_BRG0008","TETRACYCLINE KAPSUL 250 MG","KAPSUL","KLINIK GM","CAB06","Jakarta",3991.9,2,3991.9,7983.8
"2022-04-28","CUST55637","TD","BRND008","MARCKS","IN6009_BRG0008","TETRACYCLINE KAPSUL 250 MG","KAPSUL","KLINIK GM","CAB06","Jakarta",3991.9,76,3991.9,303384.4
"2022-01-31","CUST55512","TD","BRND003","MARCKS","IN6152_BRG0003","AMPICILLIN","BOTOL","APOTEK SINAR JAYA","CAB01","Bekasi",10690.6,10,10690.6,106906
"2022-02-01","CUST55471","TD","BRND002","ETIKAL","IN6084_BRG0002","ALERGINE TABLET SALUT","DUS","APOTEK MAJA","CAB05","Kuningan",2337.5,67,2337.5,156612.5
"2022-05-18","CUST55649","EPM","BRND010","VNS","IN6252_BRG0004","TRAMADOL KAPSUL 50 MG","KAPSUL","KLINIK DR. ANDRI","CAB03","Lampung",6940.3,67,6940.3,465000.10000000003
"2022-02-13","CUST55555","EPM","BRND006","OGB & PH","IN6147_BRG0006","KETOCONAZOLE TABLET 200 MG","TABLET","APOTEK MERDEKA","CAB03","Bandung",2819.2,4,2819.2,11276.8
"2022-04-09","CUST55610","TD","BRND001","OGB & PH","IN5998_BRG0001","ACYCLOVIR DUS","DUS","APOTEK SINAR JAYA","CAB09","Bekasi",1169.91,23,1169.91,26907.93
"2022-02-28","CUST55570","TD","BRND001","OGB & PH","IN6041_BRG0001","ACYCLOVIR DUS","DUS","APOTEK MERDEKA","CAB03","Bandung",1169.91,5,1169.91,5849.55
"2022-01-31","CUST55530","TA","BRND001","OGB & PH","IN6196_BRG0001","ACYCLOVIR DUS","DUS","APOTEK TAPAK","CAB04","Aceh",1169.91,45,1169.91,52645.950000000004
"2022-04-25","CUST55626","EPM","BRND007","ETIKAL","IN6035_BRG0007","ERGOTAMINE COFFEINE","BOTOL","APOTEK SAHABAT","CAB10","Padang",4592.1,20,4592.1,91842
"2022-01-31","CUST55506","TA","BRND007","ETIKAL","IN6045_BRG0007","ERGOTAMINE COFFEINE","BOTOL","APOTEK SAHABAT","CAB10","Padang",4592.1,21,4592.1,96434.1
"2022-04-22","CUST55623","TD","BRND004","VNS","IN6139_BRG0004","TRAMADOL KAPSUL 50 MG","KAPSUL","APOTEK MERDEKA","CAB07","Bandung",8700.7,78,8700.7,678654.6000000001
"2022-04-20","CUST55642","EPM","BRND003","MARCKS","IN6145_BRG0003","AMPICILLIN","BOTOL","APOTEK TAPAK","CAB01","Aceh",10690.6,25,10690.6,267265
"2022-06-06","CUST55682","TA","BRND003","MARCKS","IN6288_BRG0003","AMPICILLIN","BOTOL","KLINIK GM","CAB06","Jakarta",10690.6,17,10690.6,181740.2
"2022-04-19","CUST55659","EPM","BRND010","SLCYL","IN5987_BRG0010","PARACETAMOL","BOTOL","KLINIK GM","CAB02","Jakarta",6940.3,14,6940.3,97164.2
"2022-03-26","CUST55596","TD","BRND007","ETIKAL","IN6080_BRG0007","ERGOTAMINE COFFEINE","BOTOL","APOTEK SAHABAT","CAB10","Padang",4592.1,14,4592.1,64289.40000000001
"2022-01-30","CUST55427","TD","BRND008","MARCKS","IN6248_BRG0008","TETRACYCLINE KAPSUL 250 MG","KAPSUL","KLINIK GM","CAB06","Jakarta",3991.9,100,3991.9,399190
"2022-05-02","CUST55715","TD","BRND006","OGB & PH","IN6007_BRG0006","KETOCONAZOLE TABLET 200 MG","TABLET","APOTEK SINAR JAYA","CAB09","Bekasi",2819.2,9,2819.2,25372.8
"2022-02-08","CUST55550","TA","BRND001","OGB & PH","IN6135_BRG0001","ACYCLOVIR DUS","DUS","APOTEK SINAR JAYA","CAB09","Bekasi",1169.91,12,1169.91,14038.920000000002
"2022-02-01","CUST55417","TD","BRND008","MARCKS","IN6063_BRG0008","TETRACYCLINE KAPSUL 250 MG","KAPSUL","APOTEK TAPAK","CAB01","Aceh",3991.9,12,3991.9,47902.8
"2022-04-07","CUST55608","TA","BRND009","VNS","IN6156_BRG0009","AMBROXOL HC","BOTOL","APOTEK MERDEKA","CAB07","Bandung",5780.7,24,5780.7,138736.8
"2022-01-28","CUST55455","TD","BRND006","OGB & PH","IN6116_BRG0006","KETOCONAZOLE TABLET 200 MG","TABLET","APOTEK TAPAK","CAB04","Aceh",2819.2,67,2819.2,188886.4
"2022-02-01","CUST55393","EPM","BRND004","VNS","IN6301_BRG0004","TRAMADOL KAPSUL 50 MG","KAPSUL","APOTEK SAHABAT","CAB02","Padang",8700.7,12,8700.7,104408.40000000001
"2022-04-18","CUST55619","EPM","BRND010","VNS","IN6237_BRG0004","TRAMADOL KAPSUL 50 MG","KAPSUL","KLINIK DR. ANDRI","CAB03","Lampung",6940.3,10,6940.3,69403
"2022-01-30","CUST55511","EPM","BRND002","ETIKAL","IN6107_BRG0002","ALERGINE TABLET SALUT","DUS","KLINIK SAHABAT","CAB01","Tangerang",2337.5,24,2337.5,56100
"2022-01-30","CUST55505","TD","BRND006","OGB & PH","IN6170_BRG0006","KETOCONAZOLE TABLET 200 MG","TABLET","APOTEK SINAR JAYA","CAB09","Bekasi",2819.2,14,2819.2,39468.799999999996
"2022-06-07","CUST55683","EPM","BRND004","VNS","IN6059_BRG0004","TRAMADOL KAPSUL 50 MG","KAPSUL","APOTEK MERDEKA","CAB07","Bandung",8700.7,11,8700.7,95707.70000000001
"2022-01-23","CUST55387","TD","BRND008","MARCKS","IN6251_BRG0008","TETRACYCLINE KAPSUL 250 MG","KAPSUL","APOTEK TAPAK","CAB07","Aceh",3991.9,1,3991.9,3991.9
"2022-02-01","CUST55537","TA","BRND008","MARCKS","IN6128_BRG0008","TETRACYCLINE KAPSUL 250 MG","KAPSUL","APOTEK TAPAK","CAB01","Aceh",3991.9,79,3991.9,315360.10000000003
"2022-01-27","CUST55532","TD","BRND003","MARCKS","IN6058_BRG0003","AMPICILLIN","BOTOL","KLINIK GM","CAB06","Jakarta",10690.6,34,10690.6,363480.4
"2022-01-23","CUST55540","TA","BRND001","OGB & PH","IN6284_BRG0001","ACYCLOVIR DUS","DUS","APOTEK MERDEKA","CAB03","Bandung",1169.91,76,1169.91,88913.16
"2022-01-27","CUST55496","TA","BRND007","OGB & PH","IN6103_BRG0001","ACYCLOVIR DUS","DUS","KLINIK SAHABAT","CAB01","Tangerang",4592.1,15,4592.1,68881.5
"2022-01-27","CUST55442","TA","BRND003","MARCKS","IN6124_BRG0003","AMPICILLIN","BOTOL","KLINIK GM","CAB06","Jakarta",10690.6,95,10690.6,1015607
"2022-04-12","CUST55613","TD","BRND004","VNS","IN6157_BRG0004","TRAMADOL KAPSUL 50 MG","KAPSUL","APOTEK MAJA","CAB01","Kuningan",8700.7,67,8700.7,582946.9
"2022-05-03","CUST55721","TD","BRND002","ETIKAL","IN6037_BRG0002","ALERGINE TABLET SALUT","DUS","KLINIK SAHABAT","CAB01","Tangerang",2337.5,45,2337.5,105187.5
"2022-01-28","CUST55437","EPM","BRND008","ETIKAL","IN6053_BRG0002","ALERGINE TABLET SALUT","DUS","APOTEK SINAR JAYA","CAB01","Bekasi",3991.9,44,3991.9,175643.6
"2022-01-30","CUST55481","TD","BRND002","ETIKAL","IN6276_BRG0002","ALERGINE TABLET SALUT","DUS","KLINIK SAHABAT","CAB01","Tangerang",2337.5,1,2337.5,2337.5
"2022-05-15","CUST55646","EPM","BRND007","OGB & PH","IN6285_BRG0001","ACYCLOVIR DUS","DUS","KLINIK SAHABAT","CAB01","Tangerang",4592.1,130,4592.1,596973
"2022-06-08","CUST55684","TD","BRND005","SLCYL","IN6236_BRG0005","KLORPROMAZINA TABLET SALUT SELAPUT 100 MG","TABLET","KLINIK SAHABAT","CAB08","Tangerang",5648.3,12,5648.3,67779.6
"2022-03-13","CUST55583","TD","BRND004","VNS","IN6055_BRG0004","TRAMADOL KAPSUL 50 MG","KAPSUL","APOTEK MAJA","CAB01","Kuningan",8700.7,4,8700.7,34802.8
"2022-01-27","CUST55460","EPM","BRND001","OGB & PH","IN6238_BRG0001","ACYCLOVIR DUS","DUS","APOTEK SINAR JAYA","CAB09","Bekasi",1169.91,9,1169.91,10529.19
"2022-06-16","CUST55707","EPM","BRND008","ETIKAL","IN5992_BRG0002","ALERGINE TABLET SALUT","DUS","APOTEK SINAR JAYA","CAB01","Bekasi",3991.9,23,3991.9,91813.7
"2022-04-23","CUST55624","TD","BRND005","SLCYL","IN6126_BRG0005","KLORPROMAZINA TABLET SALUT SELAPUT 100 MG","TABLET","KLINIK SAHABAT","CAB08","Tangerang",5648.3,45,5648.3,254173.5
"2022-03-05","CUST55575","EPM","BRND006","OGB & PH","IN6229_BRG0006","KETOCONAZOLE TABLET 200 MG","TABLET","APOTEK TAPAK","CAB04","Aceh",2819.2,5,2819.2,14096
"2022-05-29","CUST55674","TD","BRND005","SLCYL","IN6093_BRG0005","KLORPROMAZINA TABLET SALUT SELAPUT 100 MG","TABLET","KLINIK GM","CAB02","Jakarta",5648.3,13,5648.3,73427.90000000001
"2022-04-21","CUST55643","TD","BRND004","VNS","IN6315_BRG0004","TRAMADOL KAPSUL 50 MG","KAPSUL","APOTEK MAJA","CAB01","Kuningan",8700.7,14,8700.7,121809.80000000002
"2022-05-22","CUST55667","TD","BRND008","MARCKS","IN6117_BRG0008","TETRACYCLINE KAPSUL 250 MG","KAPSUL","KLINIK GM","CAB06","Jakarta",3991.9,5,3991.9,19959.5
"2022-01-23","CUST55486","TA","BRND007","ETIKAL","IN6210_BRG0007","ERGOTAMINE COFFEINE","BOTOL","APOTEK MAJA","CAB05","Kuningan",4592.1,4,4592.1,18368.4
"2022-02-01","CUST55405","TA","BRND006","OGB & PH","IN6259_BRG0006","KETOCONAZOLE TABLET 200 MG","TABLET","APOTEK MERDEKA","CAB03","Bandung",2819.2,19,2819.2,53564.799999999996
"2022-01-27","CUST55394","TD","BRND005","SLCYL","IN6024_BRG0005","KLORPROMAZINA TABLET SALUT SELAPUT 100 MG","TABLET","KLINIK DR. ANDRI","CAB03","Lampung",5648.3,12,5648.3,67779.6
"2022-01-30","CUST55535","TD","BRND006","OGB & PH","IN5982_BRG0006","KETOCONAZOLE TABLET 200 MG","TABLET","APOTEK SINAR JAYA","CAB09","Bekasi",2819.2,5,2819.2,14096
"2022-05-17","CUST55648","TA","BRND009","MARCKS","IN6057_BRG0003","AMPICILLIN","BOTOL","APOTEK SAHABAT","CAB02","Padang",5780.7,10,5780.7,57807
"2022-01-31","CUST55422","TA","BRND003","MARCKS","IN6191_BRG0003","AMPICILLIN","BOTOL","APOTEK SINAR JAYA","CAB01","Bekasi",10690.6,4,10690.6,42762.4
"2022-01-28","CUST55479","TA","BRND010","SLCYL","IN6049_BRG0010","PARACETAMOL","BOTOL","KLINIK GM","CAB02","Jakarta",6940.3,9,6940.3,62462.700000000004
"2022-05-03","CUST55634","TD","BRND005","SLCYL","IN6273_BRG0005","KLORPROMAZINA TABLET SALUT SELAPUT 100 MG","TABLET","KLINIK DR. ANDRI","CAB03","Lampung",5648.3,79,5648.3,446215.7
"2022-02-09","CUST55551","EPM","BRND002","ETIKAL","IN5988_BRG0002","ALERGINE TABLET SALUT","DUS","APOTEK SAHABAT","CAB10","Padang",2337.5,10,2337.5,23375
"2022-05-21","CUST55666","EPM","BRND007","ETIKAL","IN6121_BRG0007","ERGOTAMINE COFFEINE","BOTOL","APOTEK MAJA","CAB05","Kuningan",4592.1,98,4592.1,450025.80000000005
"2022-02-02","CUST55544","TA","BRND005","SLCYL","IN6254_BRG0005","KLORPROMAZINA TABLET SALUT SELAPUT 100 MG","TABLET","KLINIK DR. ANDRI","CAB03","Lampung",5648.3,12,5648.3,67779.6
"2022-05-26","CUST55657","TD","BRND008","MARCKS","IN6111_BRG0008","TETRACYCLINE KAPSUL 250 MG","KAPSUL","APOTEK TAPAK","CAB01","Aceh",3991.9,12,3991.9,47902.8
"2022-03-20","CUST55590","TD","BRND001","OGB & PH","IN6149_BRG0001","ACYCLOVIR DUS","DUS","APOTEK TAPAK","CAB04","Aceh",1169.91,14,1169.91,16378.740000000002
"2022-03-25","CUST55595","EPM","BRND006","OGB & PH","IN6140_BRG0006","KETOCONAZOLE TABLET 200 MG","TABLET","APOTEK SINAR JAYA","CAB09","Bekasi",2819.2,25,2819.2,70480
"2022-01-23","CUST55498","TD","BRND009","MARCKS","IN6183_BRG0003","AMPICILLIN","BOTOL","APOTEK SAHABAT","CAB02","Padang",5780.7,25,5780.7,144517.5
"2022-01-31","CUST55410","EPM","BRND001","OGB & PH","IN6321_BRG0001","ACYCLOVIR DUS","DUS","APOTEK TAPAK","CAB04","Aceh",1169.91,22,1169.91,25738.02
"2022-03-04","CUST55574","TA","BRND005","SLCYL","IN6189_BRG0005","KLORPROMAZINA TABLET SALUT SELAPUT 100 MG","TABLET","KLINIK DR. ANDRI","CAB03","Lampung",5648.3,1,5648.3,5648.3
"2022-02-01","CUST55495","TD","BRND006","OGB & PH","IN6320_BRG0006","KETOCONAZOLE TABLET 200 MG","TABLET","APOTEK MERDEKA","CAB03","Bandung",2819.2,67,2819.2,188886.4
"2022-01-27","CUST55472","TD","BRND003","MARCKS","IN6074_BRG0003","AMPICILLIN","BOTOL","KLINIK GM","CAB06","Jakarta",10690.6,98,10690.6,1047678.8
"2022-01-31","CUST55416","EPM","BRND007","ETIKAL","IN6226_BRG0007","ERGOTAMINE COFFEINE","BOTOL","APOTEK SAHABAT","CAB10","Padang",4592.1,23,4592.1,105618.3
